StartDate,EndDate,Status,Progress,Duration (in seconds),Finished,RecordedDate,ResponseId,DistributionChannel,UserLanguage,Q_RecaptchaScore,Consent,MrAB1,Game1_1_1,Game1_1_2,Game1_2_1,Game1_2_2,Drink1,Gym1 _1,Gym1 _2,Gym1 _3,Jacket1,Game2_1_1,Game2_1_2,Game2_2_1,Game2_2_2,MrAB2,Play2,"Plane2 ",MrAB3,Game3_1 _1,Game3_1 _2,Game3_2_1,Game3_2_2,Jacket2,Gym2 _1,Gym2 _2,Gym2 _3,"MrAB4 ","Play1 ","Plane1 ",Drink2,fin_lit1,fin_lit2,fin_lit3,fin_lit4,Att_check,Gender,"Age ",Income,Education,Residence,Native language,Debriefing,FL_5_DO_FL_14,FL_5_DO_FL_15,FL_5_DO_FL_16,FL_5_DO_FL_17
Start Date,End Date,Response Type,Progress,Duration (in seconds),Finished,Recorded Date,Response ID,Distribution Channel,User Language,Q_RecaptchaScore,"Dear Participant,



We invite you to take part in an online study with the purpose of investigating how people make decisions. The duration of the questionnaire is approximately 10 minutes. At the end of the questionnaire, you will be asked some personal demographic information.



Your data will be analyzed anonymously and processed according to the current international legislation for the protection of privacy (D. Lgs 196/2003 and EU GDPR 679/2016 on the protection of personal data and art. 9 of the Deontological Code of Italian Psychologists). Your data will be used solely for the purposes of the research itself. No information regarding you personally will be published or revealed in any way.



You are free to withdraw from the study at any point without giving any explanation. In this case your data will be deleted. You will not receive any payment or reimbursement of any sort for your participation in this study. There are no known risks associated with participating in this study.



Project Manager: Enrico Rubaltelli (Department of Development Psychology and Socialization -DPSS, University of Padua). The person responsible for this research agrees to comply with the obligations of current legislation in terms of collection, processing and storage of sensitive data.



I DECLARE THAT

• I am 18 years old or older

• I take part in this project voluntarily

• I am aware of the objectives and aims of this research project

• I am aware that the data obtained, in absolute anonymity, will be treated exclusively for educational and research purposes

• I am aware that it is not possible to withdraw the data I have provided once it has been submitted.



For any clarification you can contact Prof. Enrico Rubaltelli at jdmlab.multicountry@gmail.com.","Person A was given two tickets to the lottery. They won GHS70 with one ticket and GHS30 with the other ticket.  



Person B was given a ticket to one lottery. They won GHS100.  


 

Who is happier?","You are going to a sold-out game of your favourite rite local sports team and you have an extra ticket. The price marked on the ticket is GHS10 but this ticket has been offered to you by a friend for free.   



You want to get rid of the extra ticket and you know the ticket’s face value price is GHS10. You find someone who wants the ticket. There is no law against charging more than the price marked on the ticket.



What price do you ask for selling the extra ticket if the person you sell it to... ? - Is a friend","You are going to a sold-out game of your favourite rite local sports team and you have an extra ticket. The price marked on the ticket is GHS10 but this ticket has been offered to you by a friend for free.   



You want to get rid of the extra ticket and you know the ticket’s face value price is GHS10. You find someone who wants the ticket. There is no law against charging more than the price marked on the ticket.



What price do you ask for selling the extra ticket if the person you sell it to... ? - Is a stranger",What price would you have asked for if you found out that the ticket’s face value price was GHS 20 instead? - If they are a friend,What price would you have asked for if you found out that the ticket’s face value price was GHS 20 instead? - If they are a stranger,"You are on the beach on a hot day, and you would really like a cold drink. A friend offers to go buy the drink from a fancy resort hotel. They ask how much you are willing to pay for the drink: they will only buy it if it costs as much or less than the price you state. You trust your friend, and there is no possibility of bargaining with the bartender.



What price do you tell them?","Imagine that you go to the gym on a regular basis. Due to your busy working schedule, you can only go on Monday nights. The membership to the gym allows you to pay GHS20 (non-refundable) per session. One Monday, just after you have paid and changed into your gym clothes, you receive a phone call that requires you to leave and forgo your exercise that evening.

How well does
each of the following statements capture your feelings about the cost of the missed
workout? - I feel like I wasted GHS20","Imagine that you go to the gym on a regular basis. Due to your busy working schedule, you can only go on Monday nights. The membership to the gym allows you to pay GHS20 (non-refundable) per session. One Monday, just after you have paid and changed into your gym clothes, you receive a phone call that requires you to leave and forgo your exercise that evening.

How well does
each of the following statements capture your feelings about the cost of the missed
workout? - I feel like I wasted nothing, since my visit had already been paid for","Imagine that you go to the gym on a regular basis. Due to your busy working schedule, you can only go on Monday nights. The membership to the gym allows you to pay GHS20 (non-refundable) per session. One Monday, just after you have paid and changed into your gym clothes, you receive a phone call that requires you to leave and forgo your exercise that evening.

How well does
each of the following statements capture your feelings about the cost of the missed
workout? - I feel like I wasted something, but no specific amount or measure comes to mind","You are about to purchase a jacket for GHS230 and a Bluetooth speaker for GHS30. The salesman informs you that the speaker you wish to buy is on sale for GHS20 at the other branch store, located 20 minutes away.



Would you make the trip to the other store?","Imagine you are going to a sold-out game of your favorite local sports team, and you have an extra ticket. The price marked on the ticket is GHS10 which is what you paid for each ticket.



You want to get rid of the extra ticket and you know the ticket's face value price is GHS10. You find someone who wants the ticket. There is no law against charging more than the price marked on the ticket.


What price do you ask for selling the extra ticket if the person you sell it to...? - Is a friend","Imagine you are going to a sold-out game of your favorite local sports team, and you have an extra ticket. The price marked on the ticket is GHS10 which is what you paid for each ticket.



You want to get rid of the extra ticket and you know the ticket's face value price is GHS10. You find someone who wants the ticket. There is no law against charging more than the price marked on the ticket.


What price do you ask for selling the extra ticket if the person you sell it to...? - Is a stranger",What price would you have asked for if you found out that the ticket’s face value price was GHS20 instead? - If they are a friend,What price would you have asked for if you found out that the ticket’s face value price was GHS20 instead? - If they are a stranger,"Person A received a fine and owed GHS150. The same day they received a second fine and owed GHS70.



Person B received a fine and owed GHS220.



Who is more upset?","Imagine that you are on your way to a music event and intend to buy a ticket worth GHS70. On entering the venue, you realize that you have lost GHS70 in cash.



Would you still pay GHS70 for a ticket?","You are flying with a friend who has upgraded their ticket to business class and has two coupons, each worth GHS30, which could be used to upgrade your ticket from economy to business class. They purchased one coupon for the standard price of GHS30 and received the other one for free. Just one coupon is required to upgrade your class on the current flight and your friend offers you the coupon which they got for free so that you can upgrade your ticket as well.



What do you think is the most appropriate thing to do?","Person A bought a lottery ticket and won GHS150. Also, they damaged one door in their apartment in an accident and had to pay the landlord GHS120.  

 

Person B bought a lottery ticket and won GHS30. 

 

Who is happier?","You are going to a sold-out game of your favorite local sports team and you have an extra ticket. The ticket’s face value price is GHS10 but you paid GHS20 for each ticket when you bought them from another person.



You want to get rid of the extra ticket and you know the ticket’s face value price is GHS10. You find someone who wants the ticket. There is no law against charging more than the price marked on the ticket.



What price do you ask for selling the extra ticket if the person you sell it to...? - Is a friend","You are going to a sold-out game of your favorite local sports team and you have an extra ticket. The ticket’s face value price is GHS10 but you paid GHS20 for each ticket when you bought them from another person.



You want to get rid of the extra ticket and you know the ticket’s face value price is GHS10. You find someone who wants the ticket. There is no law against charging more than the price marked on the ticket.



What price do you ask for selling the extra ticket if the person you sell it to...? - Is a stranger",What price would you have asked for if you found out that the ticket’s face value price was GHS20 instead? - If they are a friend,What price would you have asked for if you found out that the ticket’s face value price was GHS20 instead? - If they are a stranger,"You are about to purchase a jacket for GHS30 and a Bluetooth speaker for GHS230. The salesman informs you that the speaker you wish to buy is on sale for GHS220 at the other branch store, located 20 minutes away.



Would you make the trip to the other store?","Imagine that you go to the gym on a regular basis. Due to your busy working schedule, you can only go on Monday nights. The membership costs you GHS700 a year (i.e., roughly GHS20 per visit). One Monday, just after you have arrived and changed into your gym clothes, you receive a phone call that requires you to leave and forgo your exercise that evening.



How well does each of the following statements capture your feelings about the cost of the missed workout? - I feel like I wasted GHS20","Imagine that you go to the gym on a regular basis. Due to your busy working schedule, you can only go on Monday nights. The membership costs you GHS700 a year (i.e., roughly GHS20 per visit). One Monday, just after you have arrived and changed into your gym clothes, you receive a phone call that requires you to leave and forgo your exercise that evening.



How well does each of the following statements capture your feelings about the cost of the missed workout? - I feel like I wasted nothing, since my visit had already been paid for","Imagine that you go to the gym on a regular basis. Due to your busy working schedule, you can only go on Monday nights. The membership costs you GHS700 a year (i.e., roughly GHS20 per visit). One Monday, just after you have arrived and changed into your gym clothes, you receive a phone call that requires you to leave and forgo your exercise that evening.



How well does each of the following statements capture your feelings about the cost of the missed workout? - I feel like I wasted something, but no specific amount or measure comes to mind","Person A damaged their car in a parking lot. They had to spend GHS300 to repair the damage. The same day they damaged the car they won GHS50 in a raffle.  

 

Person B damaged their car in a parking lot. They had to spend GHS250 to repair the damage.  

 

Who is more upset?","Imagine that you are on your way to a music event with a ticket for which you have paid GHS70. On entering the venue, you discover that you have lost the ticket.



Would you pay GHS70 for another ticket?","You are flying with a friend who has upgraded their ticket to business class and has two coupons, each worth GHS30, which could be used to upgrade your ticket from economy to business class. They purchased one coupon for the standard price of GHS30 and received the other one for free. Just one coupon is required to upgrade your class on the current flight, and your friend offers you the coupon which they purchased so that you can upgrade as well.



What do you think is the most appropriate thing to do?","You are on the beach on a hot day, and you would really like a cold drink. A friend offers to go buy the drink from a small, run-down grocery store. They ask how much you are willing to pay for the drink: they will only buy it if it costs as much or less than the price you state. You trust your friend, and there is no possibility of bargaining with the store owner.



What price do you tell them?","Suppose that you have GHS100 in a savings account and the interest rate is 2% per year. After 5 years, how much do you think you would have in the account if you let the money grow?","Imagine that the interest rate on your savings account was 1% per year and inflation was 2% per year. After 1 year,
how much would you be able to buy with the money in this account?",Buying a single company's stock usually provides a safer return than a stock mutual fund.,"If interest rates rise, what would typically happen to bond prices?","To ensure the quality of our data we need to know if participants paid attention during the survey. Please tell us honestly how serious you were in completing the survey.


How serious have you been about filling in the survey?",What gender do you identify as?,What is your age (in numbers)?,Which of the following best describes your annual household income last year?,How many years of schooling have you completed? (from elementary school to doctoral degree or specialization if you have one),List of Countries,Which of the following is your native language?,"The survey you have completed aims to replicate the mental accounting effect. According to this phenomenon a person attributes different values to the same amount of money based on subjective criteria. Specifically, people tend to subjectively organize economic resources into different mental accounts. In addition, in this study, we measured some individual differences that might have an influence on mental accounting. In particular:   	
 	
 
●	Scale to measure financial literacy (Lusardi and Mitchell, 2014).  	 	 	
 ●	Demographic data (e.g. gender, age or income level)	

 
Finally, we inform you that we have also used an attentional check to measure respondent engagement. The purpose of this study could not be fully revealed at the beginning of the study to avoid influencing your answers. Now that you have received this information, we ask you to confirm your consent to participate in this study or to withdraw it. In the latter case your data will not be used and will be deleted.",FL_5 - Block Randomizer - Display Order - FL_14,FL_5 - Block Randomizer - Display Order - FL_15,FL_5 - Block Randomizer - Display Order - FL_16,FL_5 - Block Randomizer - Display Order - FL_17
"{""ImportId"":""startDate"",""timeZone"":""Europe/Berlin""}","{""ImportId"":""endDate"",""timeZone"":""Europe/Berlin""}","{""ImportId"":""status""}","{""ImportId"":""progress""}","{""ImportId"":""duration""}","{""ImportId"":""finished""}","{""ImportId"":""recordedDate"",""timeZone"":""Europe/Berlin""}","{""ImportId"":""_recordId""}","{""ImportId"":""distributionChannel""}","{""ImportId"":""userLanguage""}","{""ImportId"":""Q_RecaptchaScore""}","{""ImportId"":""QID1""}","{""ImportId"":""QID8""}","{""ImportId"":""QID14_1""}","{""ImportId"":""QID14_2""}","{""ImportId"":""QID15_1""}","{""ImportId"":""QID15_2""}","{""ImportId"":""QID23_TEXT""}","{""ImportId"":""QID44_1""}","{""ImportId"":""QID44_2""}","{""ImportId"":""QID44_3""}","{""ImportId"":""QID34""}","{""ImportId"":""QID17_1""}","{""ImportId"":""QID17_2""}","{""ImportId"":""QID18_1""}","{""ImportId"":""QID18_2""}","{""ImportId"":""QID123""}","{""ImportId"":""QID124""}","{""ImportId"":""QID86""}","{""ImportId"":""QID10""}","{""ImportId"":""QID20_1""}","{""ImportId"":""QID20_2""}","{""ImportId"":""QID21_1""}","{""ImportId"":""QID21_2""}","{""ImportId"":""QID74""}","{""ImportId"":""QID82_1""}","{""ImportId"":""QID82_2""}","{""ImportId"":""QID82_3""}","{""ImportId"":""QID11""}","{""ImportId"":""QID40""}","{""ImportId"":""QID48""}","{""ImportId"":""QID70_TEXT""}","{""ImportId"":""QID59""}","{""ImportId"":""QID60""}","{""ImportId"":""QID61""}","{""ImportId"":""QID62""}","{""ImportId"":""QID51""}","{""ImportId"":""QID52""}","{""ImportId"":""QID53_TEXT""}","{""ImportId"":""QID54""}","{""ImportId"":""QID55_TEXT""}","{""ImportId"":""QID114""}","{""ImportId"":""QID57""}","{""ImportId"":""QID63""}","{""ImportId"":""FL_5_DO"",""choiceId"":""FL_14""}","{""ImportId"":""FL_5_DO"",""choiceId"":""FL_15""}","{""ImportId"":""FL_5_DO"",""choiceId"":""FL_16""}","{""ImportId"":""FL_5_DO"",""choiceId"":""FL_17""}"
2022-09-12 14:52:08,2022-09-12 15:07:35,0,100,927,1,2022-09-12 15:07:36,R_2xMrhBj5ebMSunR,anonymous,EN,0.8999999761581421,1,3,10,10,10,20,3,3,5,2,1,10,10,10,20,3,1,3,2,15,20,20,20,1,5,2,5,1,2,3,2,2,4,3,4,5,2,27,2,16,65,10,1,3,2,4,1
2022-09-12 15:19:53,2022-09-12 15:32:22,0,100,749,1,2022-09-12 15:32:25,R_3dLYtZ98QMPOXba,anonymous,EN,0.8999999761581421,1,1,10,15,10,15,5,1,5,4,1,10,15,10,15,1,1,3,2,10,15,10,15,1,5,1,1,2,2,3,3,1,3,2,1,5,2,32,1,18,65,10,1,4,3,2,1
2022-09-12 15:04:56,2022-09-12 16:49:21,0,100,6265,1,2022-09-12 16:49:22,R_ST1JganI0jU2xNf,anonymous,EN,0.8999999761581421,1,1,0,10,0,20,10,1,5,3,1,10,15,10,20,1,1,1,1,20,25,20,25,1,2,4,4,1,1,1,5,1,3,2,2,3,1,60,6,22,65,10,1,3,4,2,1
2022-09-12 17:28:37,2022-09-12 17:38:02,0,100,564,1,2022-09-12 17:38:03,R_3m3riK8qp6IDJHO,anonymous,EN,1,1,1,0,10,0,20,10,1,5,4,2,5,10,10,20,1,1,3,2,10,20,10,20,2,1,5,4,3,1,3,10,1,3,2,4,5,2,54,6,15,65,10,1,4,1,2,3
2022-09-12 17:35:51,2022-09-12 17:46:45,0,100,653,1,2022-09-12 17:46:45,R_Q9DvKBjMWNfiKkN,anonymous,EN,1,1,2,0,0,0,0,6,4,3,2,1,0,10,0,10,2,1,2,1,10,10,0,20,1,5,3,2,2,1,3,4,1,3,2,4,4,2,26,3,18,65,10,1,4,1,3,2
2022-09-12 16:09:46,2022-09-12 16:10:03,0,3,17,0,2022-09-19 16:10:08,R_1mdTr2XoAsndYCV,anonymous,EN,0.8999999761581421,1,,,,,,,,,,,,,,,,,,,,,,,,,,,,,,,,,,,,,,,,,,,,,,
2022-09-12 17:31:25,2022-09-12 17:31:40,0,8,14,0,2022-09-19 17:51:17,R_2xWCV384jueflWB,anonymous,EN,1,1,,,,,,,,,,,,,,,,,,,,,,,,,,,,,,,,,,,,,,,,,,,4,2,1,3
2022-09-12 18:30:57,2022-09-12 18:36:01,0,31,303,0,2022-09-19 18:51:36,R_1LRvh21LOi5EpC1,anonymous,EN,0.8999999761581421,1,,,,,,,,,,,,,,,,,,2,20,20,20,20,1,3,3,3,3,2,2,,,,,,,,,,,,,,3,4,1,2
2022-09-12 18:03:09,2022-09-12 19:46:22,0,50,6193,0,2022-09-19 19:46:26,R_3G6BMMGSaLjHFbv,anonymous,EN,1,1,3,,,,,,,,,,10,20,20,30,1,2,3,2,20,20,20,30,2,4,2,2,2,2,3,3,,,,,,,,,,,,,4,3,2,1
2022-09-27 17:52:36,2022-09-27 18:03:11,0,100,635,1,2022-09-27 18:03:12,R_2DXOBzHvgcn859N,anonymous,EN,1,1,3,10,10,20,20,10,5,3,3,2,10,10,20,20,3,2,1,3,20,20,20,20,2,5,2,2,3,2,1,5,1,3,2,4,5,2,47,6,25,66,26,1,3,2,1,4
2022-09-27 17:31:12,2022-09-27 18:04:43,0,100,2010,1,2022-09-27 18:04:43,R_1LwB2kVJcJKuaM2,anonymous,EN,1,1,1,0,15,0,20,20,1,5,5,2,10,15,20,20,1,1,2,1,20,30,20,20,2,1,5,5,1,1,2,10,1,3,3,2,4,2,61,6,31,66,26,1,2,1,4,3
2022-09-27 17:46:32,2022-09-27 18:05:29,0,100,1136,1,2022-09-27 18:05:29,R_3gUfHdJErQaBi7G,anonymous,EN,1,1,3,10,10,20,20,10,4,1,3,2,10,10,20,20,1,1,2,2,20,20,20,20,2,2,5,4,2,1,2,10,1,3,2,2,4,1,46,6,17,66,7,1,4,2,1,3
2022-09-27 18:02:23,2022-09-27 18:12:13,0,100,589,1,2022-09-27 18:12:13,R_1hKz6Vdo9qwrDlI,anonymous,EN,1,1,3,10,20,20,30,50,3,3,2,2,10,20,20,30,2,1,2,1,10,20,20,20,2,3,3,2,2,1,2,20,2,3,2,4,4,1,44,6,14,66,26,1,2,4,1,3
2022-09-27 17:55:41,2022-09-27 18:24:49,0,100,1747,1,2022-09-27 18:24:49,R_1OrS4QtPvl3k9Iy,anonymous,EN,0.8999999761581421,1,3,10,10,20,20,6,1,5,5,1,10,10,20,20,3,1,2,2,20,20,20,20,1,1,5,5,2,2,1,5,1,3,3,4,5,2,33,5,20,66,26,1,1,2,4,3
2022-09-27 18:18:55,2022-09-27 18:38:00,0,100,1145,1,2022-09-27 18:38:01,R_3khNpeLkHEqbSU9,anonymous,EN,1,1,3,0,0,0,0,100,1,5,1,2,10,10,10,10,3,1,2,3,20,20,20,20,2,3,5,4,3,2,2,100,1,3,2,4,3,2,46,6,25,66,7,1,4,3,2,1
2022-09-27 18:31:39,2022-09-27 18:53:53,0,100,1334,1,2022-09-27 18:53:53,R_3qaFFUIBSTVfk4X,anonymous,EN,1,1,2,0,20,0,30,35,5,3,4,2,10,50,20,50,3,2,1,3,20,30,20,30,2,2,1,2,3,2,1,35,1,3,3,4,4,2,25,2,16,66,7,1,1,3,2,4
2022-09-27 18:41:49,2022-09-27 18:59:33,0,100,1064,1,2022-09-27 18:59:34,R_2ylbDnGYRqOCTEL,anonymous,EN,1,1,2,10,20,20,30,30,2,4,3,2,10,20,20,30,1,2,1,2,20,30,20,30,2,2,4,2,1,2,1,10,1,1,2,1,4,1,26,1,18,66,7,1,3,4,1,2
2022-09-27 18:45:33,2022-09-27 19:00:43,0,100,910,1,2022-09-27 19:00:44,R_3IRxjMvYjycjmed,anonymous,EN,1,1,1,0,0,0,0,20,1,5,4,2,0,10,0,10,2,1,2,2,0,10,0,20,2,4,2,5,2,1,2,10,1,3,2,4,5,1,39,6,15,66,26,1,4,3,2,1
2022-09-27 18:54:38,2022-09-27 19:07:42,0,100,783,1,2022-09-27 19:07:42,R_x4vQ9ETZfsK7VtL,anonymous,EN,1,1,3,10,10,10,10,5,3,3,3,1,10,10,20,20,3,1,1,3,20,20,20,20,1,3,1,3,2,1,1,5,4,4,3,4,4,2,42,5,24,66,1,1,4,1,3,2
2022-09-27 18:47:08,2022-09-27 19:10:13,0,100,1384,1,2022-09-27 19:10:13,R_1CEI7tc3JxOKUh2,anonymous,EN,1,1,3,10,10,20,20,15,2,5,2,2,10,10,20,20,1,1,3,1,20,20,20,20,2,5,1,5,2,1,3,5,1,4,2,4,5,2,59,7,17,185,26,2,1,4,2,3
2022-09-27 18:44:10,2022-09-27 19:11:29,0,100,1638,1,2022-09-27 19:11:30,R_2t06ltNtYwtcEqh,anonymous,EN,1,1,3,0,0,0,0,35,1,5,3,2,10,10,20,20,3,2,1,2,10,10,20,20,2,1,5,1,1,2,1,15,2,3,3,4,5,1,26,1,16,66,7,1,2,4,1,3
2022-09-27 18:46:17,2022-09-27 19:15:15,0,100,1738,1,2022-09-27 19:15:16,R_u98SBEbkdp5ViHD,anonymous,EN,1,1,1,0,0,0,0,0,4,1,4,2,10,10,20,20,1,1,1,2,10,10,20,20,2,4,4,1,3,1,1,0,1,3,2,4,4,1,56,5,25,66,26,1,3,2,1,4
2022-09-27 17:06:22,2022-09-27 19:18:01,0,100,7898,1,2022-09-27 19:18:02,R_1DUQRmGs5jGQOMW,anonymous,EN,0.8999999761581421,1,3,0,10,0,20,20,1,5,5,1,10,10,10,10,1,2,2,2,10,10,20,20,2,1,5,5,3,2,1,8.00,1,3,3,4,5,2,37,2,17,66,26,1,4,2,1,3
2022-09-27 18:46:09,2022-09-27 19:40:52,0,100,3283,1,2022-09-27 19:40:52,R_5A6inbUXhkpS7WV,anonymous,EN,0.8999999761581421,1,3,10,10,20,20,50,2,4,4,2,10,10,20,20,3,1,2,2,20,20,20,20,2,2,2,5,2,1,1,50,1,3,3,1,4,2,40,6,22,66,26,1,2,3,1,4
2022-09-27 19:33:01,2022-09-27 19:42:15,0,100,553,1,2022-09-27 19:42:15,R_3I4dTRZ9LBe0yGk,anonymous,EN,1,1,2,20,40,40,40,50,1,5,5,1,10,20,20,30,2,2,1,2,10,40,50,60,2,1,1,1,1,2,1,10,1,4,3,4,4,2,18,7,12,66,7,1,3,1,4,2
2022-09-27 19:09:55,2022-09-27 19:42:29,0,100,1954,1,2022-09-27 19:42:29,R_9SJTQL8PgooF37b,anonymous,EN,0.8999999761581421,1,1,0,0,0,0,20,3,4,4,1,5,10,0,10,1,1,3,2,5,10,10,20,1,3,3,3,3,2,2,20,1,4,1,4,4,1,27,1,7,66,7,1,2,3,4,1
2022-09-27 19:27:48,2022-09-27 19:45:23,0,100,1054,1,2022-09-27 19:45:23,R_1eUBzu6sdhOphlQ,anonymous,EN,1,1,1,0,10,0,20,50,1,3,3,2,10,10,20,20,1,1,2,1,10,10,20,20,2,3,1,3,2,1,2,50,1,3,2,4,5,1,34,6,22,66,7,1,3,1,2,4
2022-09-27 19:22:10,2022-09-27 19:56:23,0,100,2053,1,2022-09-27 19:56:23,R_2Xb2vFdKNMh23VS,anonymous,EN,1,1,3,10,10,20,20,7,1,5,5,1,10,10,20,20,3,1,2,2,20,20,20,20,1,1,5,5,2,1,1,7,1,3,2,2,5,2,42,4,16,66,7,1,4,1,2,3
2022-09-27 19:16:53,2022-09-27 20:00:24,0,100,2611,1,2022-09-27 20:00:25,R_1HeivwOc9QB5FIk,anonymous,EN,1,1,1,0,0,0,0,40,3,3,3,2,0,0,0,0,1,1,2,2,10,10,0,0,2,5,1,4,2,2,1,15,1,3,3,4,5,2,21,7,15,66,7,1,1,2,3,4
2022-09-27 19:28:23,2022-09-27 20:01:08,0,100,1965,1,2022-09-27 20:01:08,R_2zzKzlZQAEk5J3R,anonymous,EN,0.800000011920929,1,2,10,20,20,20,20,1,5,5,1,10,20,20,20,2,1,2,2,10,20,20,20,1,1,5,5,1,1,2,20,1,3,2,2,4,1,36,2,22,66,7,1,4,2,1,3
2022-09-27 19:30:00,2022-09-27 20:06:34,0,100,2194,1,2022-09-27 20:06:35,R_2YfvCXT43epvaui,anonymous,EN,1,1,3,0,0,0,0,50,5,1,5,2,20,20,20,20,3,1,1,2,20,20,20,20,2,5,1,5,3,1,1,30,1,3,2,1,3,2,60,6,16,187,1,1,4,3,2,1
2022-09-27 19:49:26,2022-09-27 20:11:44,0,100,1338,1,2022-09-27 20:11:44,R_1Q6ClZCA4pGWhEE,anonymous,EN,1,1,3,10,10,20,20,10,4,4,4,2,10,10,20,20,3,1,3,3,20,20,20,20,2,3,4,2,2,2,3,5,1,3,3,4,4,1,32,6,20,66,26,1,3,4,1,2
2022-09-27 20:10:45,2022-09-27 20:29:21,0,100,1116,1,2022-09-27 20:29:22,R_2aFvHYAB6gUyPE9,anonymous,EN,1,1,3,20,20,25,30,15,4,3,2,1,20,20,25,30,1,1,1,3,20,20,25,30,1,4,3,2,2,2,1,15,1,3,3,4,3,1,18,7,17,66,26,1,4,2,3,1
2022-09-27 21:08:16,2022-09-27 21:18:33,0,100,617,1,2022-09-27 21:18:34,R_1LtZgg4NvYU0w2k,anonymous,EN,1,1,2,10,20,20,40,40,1,5,5,2,10,20,20,30,2,2,2,2,10,20,20,40,2,5,4,2,1,2,2,5,1,3,2,1,4,2,47,6,20,66,26,1,3,2,1,4
2022-09-27 21:16:01,2022-09-27 21:39:33,0,100,1411,1,2022-09-27 21:39:34,R_bJFClzvWjXVpAw9,anonymous,EN,1,1,3,0,100,0,100,15,2,2,1,1,50,100,50,100,1,1,2,2,50,120,50,120,1,5,1,1,2,1,2,15,3,4,3,2,4,1,18,7,15,66,26,1,2,1,3,4
2022-09-27 18:43:03,2022-09-27 21:47:56,0,100,11093,1,2022-09-27 21:47:57,R_1pMOsH3EpWBRYNs,anonymous,EN,1,1,2,10,10,20,20,30,4,4,4,2,10,10,20,20,3,1,2,2,20,20,20,20,2,4,4,4,1,1,2,30,1,3,1,2,4,2,50,3,44,66,7,1,4,1,2,3
2022-09-27 22:29:50,2022-09-27 22:54:14,0,100,1464,1,2022-09-27 22:54:15,R_2CkUvlEmPOm1NZM,anonymous,EN,1,1,3,0,10,0,20,10,5,5,1,2,0,10,0,20,1,1,2,2,20,20,20,20,2,5,3,1,3,1,2,10,1,3,2,2,4,1,54,6,28,66,26,1,4,1,3,2
2022-09-27 22:38:14,2022-09-27 23:14:35,0,100,2180,1,2022-09-27 23:14:35,R_AzKh9Qr7CgcmMUx,anonymous,EN,0.8999999761581421,1,1,0,0,0,0,20,1,5,1,1,10,10,20,20,1,2,2,2,10,20,20,20,1,5,1,1,1,2,3,15,2,3,1,4,4,2,23,1,3,66,7,1,4,3,1,2
2022-09-27 23:03:24,2022-09-27 23:26:58,0,100,1414,1,2022-09-27 23:26:59,R_2OIT4GusgJ9tlfN,anonymous,EN,1,1,2,0,10,0,10,18,2,4,2,2,10,10,10,10,3,1,2,2,20,20,20,20,2,4,2,4,3,2,1,18,1,3,3,4,4,2,42,6,21,66,26,1,4,1,2,3
2022-09-27 23:42:33,2022-09-27 23:54:58,0,100,744,1,2022-09-27 23:54:58,R_2zP8y6oEq6eVq14,anonymous,EN,,1,2,10,10,20,20,50,5,1,5,2,10,10,20,20,2,2,3,2,10,10,20,20,2,5,1,5,3,2,3,30,1,3,3,4,5,1,22,1,17,66,7,1,2,4,3,1
2022-09-27 23:34:54,2022-09-28 00:02:37,0,100,1662,1,2022-09-28 00:02:37,R_3rS3O0xzcvVh3GK,anonymous,EN,0.800000011920929,1,3,0.00,0.00,0.00,0.00,10.00,1,5,3,2,0.00,10.00,0.00,15.00,2,1,2,1,0.00,10.00,0.00,10.00,2,4,2,3,3,2,3,5.00,1,3,3,1,5,2,38,6,24,66,26,1,4,1,3,2
2022-09-28 00:32:24,2022-09-28 00:55:01,0,100,1357,1,2022-09-28 00:55:01,R_6f0RZJNDh8PdMWJ,anonymous,EN,1,1,1,20,20,20,20,20,1,1,1,1,20,30,20,30,1,1,1,1,10,30,10,20,2,1,5,1,2,2,1,20,4,4,3,4,5,1,18,7,4,66,7,1,4,3,2,1
2022-09-28 03:18:44,2022-09-28 03:45:05,0,100,1581,1,2022-09-28 03:45:07,R_122MTIQnp6QrjHp,anonymous,EN,0.8999999761581421,1,3,10,10,20,20,15,3,4,2,2,10,10,20,20,3,2,1,3,10,10,20,20,2,3,5,2,3,2,1,10,1,3,3,2,4,2,60,6,30,66,7,1,4,2,3,1
2022-09-28 03:29:35,2022-09-28 03:54:31,0,100,1495,1,2022-09-28 03:54:31,R_V4GyjOmKQe8HRSN,anonymous,EN,0.8999999761581421,1,1,0,0,0,0,30,1,5,5,2,10,10,20,20,1,1,2,2,20,20,20,20,2,1,5,5,2,1,2,30,1,3,2,1,5,2,37,6,22,66,26,1,3,1,2,4
2022-09-28 04:25:46,2022-09-28 04:49:57,0,100,1451,1,2022-09-28 04:49:57,R_20Vh6X4YZEiIr5h,anonymous,EN,1,1,3,10,10,10,10,5,3,3,3,2,10,10,10,10,3,1,1,3,10,10,10,10,2,3,3,3,3,1,2,5,1,3,3,4,5,1,36,6,23,66,26,1,2,4,3,1
2022-09-28 05:13:44,2022-09-28 05:30:20,0,100,995,1,2022-09-28 05:30:20,R_W3v6SVY0I2DY5tn,anonymous,EN,0.800000011920929,1,2,0,0,0,10,10,1,5,5,2,0,0,0,10,1,1,3,2,20,20,20,20,2,1,1,1,2,1,3,5,4,3,2,4,4,1,33,4,31,66,7,1,1,2,4,3
2022-09-28 05:58:51,2022-09-28 06:17:05,0,100,1093,1,2022-09-28 06:17:06,R_5j7b06cgi5MF7nX,anonymous,EN,1,1,3,10,10,20,20,20,3,3,3,1,10,10,20,20,3,2,1,3,10,10,20,20,1,5,1,5,1,2,1,10,4,2,2,4,4,2,23,7,19,66,26,1,3,4,1,2
2022-09-28 08:10:01,2022-09-28 08:23:25,0,100,804,1,2022-09-28 08:23:25,R_3IYSmnltrp1qGAR,anonymous,EN,1,1,1,0,0,0,0,10,2,4,4,2,10,10,10,10,3,2,1,2,10,10,20,20,2,3,4,3,3,1,1,10,1,4,3,4,4,2,21,7,18,66,26,1,3,2,1,4
2022-09-28 08:11:28,2022-09-28 08:26:01,0,100,873,1,2022-09-28 08:26:03,R_1gckR94dV40bDJV,anonymous,EN,1,1,3,8,12,18,22,50,3,4,2,1,8,12,18,22,1,2,2,2,12,18,18,25,2,4,2,2,2,2,1,20,1,3,3,4,5,2,21,7,15,66,26,1,1,2,3,4
2022-09-28 06:30:14,2022-09-28 09:31:22,0,100,10867,1,2022-09-28 09:31:22,R_1IWPg5OM3tW7fgw,anonymous,EN,1,1,3,10,15,20,25,100,5,2,2,2,10,15,20,25,3,1,2,3,20,20,20,25,2,2,5,2,1,2,2,50,4,4,3,4,3,2,22,7,22,66,7,1,4,3,1,2
2022-09-28 09:09:50,2022-09-28 09:40:28,0,100,1838,1,2022-09-28 09:40:29,R_2AFjQumFk0x9kfe,anonymous,EN,1,1,3,10,10,20,20,20,1,1,1,1,10,10,10,10,3,2,2,1,10,10,20,20,1,5,5,5,2,2,1,20,1,3,2,4,4,1,44,7,17,66,7,1,4,3,2,1
2022-09-28 04:39:11,2022-09-28 10:05:01,0,100,19549,1,2022-09-28 10:05:01,R_3oL9sK6BMBw0Lp9,anonymous,EN,1,1,2,10,10,20,20,5,5,1,1,2,20.00,30.00,20.00,30.00,3,2,2,2,20.00,20.00,20.00,20.00,2,5,1,5,3,2,2,5.00,3,3,2,1,5,1,30,1,18,66,26,1,4,3,2,1
2022-09-28 09:53:32,2022-09-28 10:13:46,0,100,1213,1,2022-09-28 10:13:47,R_2VehWEJGGNmAY2i,anonymous,EN,0.8999999761581421,1,3,10,10,20,30,20,1,5,3,2,10,20,20,30,1,2,3,2,20,30,20,30,1,1,5,2,3,2,2,20,1,3,2,2,5,2,24,6,16,66,7,1,3,1,2,4
2022-09-28 10:17:59,2022-09-28 10:42:00,0,100,1441,1,2022-09-28 10:42:00,R_2AXcIWxA1v4HVz5,anonymous,EN,1,1,1,10,10,20,20,30,1,5,5,2,10,10,20,20,1,1,2,1,20,20,20,20,1,5,1,5,2,2,2,10,1,3,2,1,5,2,43,6,24,66,26,1,4,1,3,2
2022-09-28 10:17:59,2022-09-28 10:45:07,0,100,1628,1,2022-09-28 10:45:07,R_3L7FrqMeevSEKuo,anonymous,EN,1,1,3,0,10,0,20,20,4,2,3,2,0,10,0,10,1,1,2,2,0,10,0,20,2,4,2,2,3,1,2,15,1,3,2,2,4,1,39,6,24,66,7,1,1,3,4,2
2022-09-28 10:39:53,2022-09-28 11:20:01,0,100,2407,1,2022-09-28 11:20:02,R_1fkEq6pfyPav3E2,anonymous,EN,1,1,3,0,10,0,20,20,1,5,4,2,10,10,20,20,3,2,3,2,10,20,15,20,1,3,3,2,3,2,3,10,1,3,3,1,5,1,24,1,15,66,7,1,4,3,2,1
2022-09-28 11:08:15,2022-09-28 11:24:40,0,100,984,1,2022-09-28 11:24:40,R_2VjsGTCfoszXwzD,anonymous,EN,1,1,3,10,19,20,29,20,5,5,5,1,10,10,20,20,3,1,3,2,10,10,20,20,1,5,5,5,2,1,3,20,3,4,3,1,4,2,24,1,23,66,7,1,3,4,1,2
2022-09-28 10:58:55,2022-09-28 11:27:30,0,100,1715,1,2022-09-28 11:27:30,R_2sYHvAc0uUMfAY7,anonymous,EN,0.8999999761581421,1,1,0,10,0,20,15,1,5,4,1,15,20,25,30,3,2,2,1,10,20,20,20,1,1,5,4,2,2,2,10,1,3,3,4,5,1,21,7,13,66,7,1,4,3,1,2
2022-09-28 05:46:17,2022-09-28 11:47:17,0,100,21660,1,2022-09-28 11:47:18,R_pzOecKDyvQYJrDb,anonymous,EN,0.8999999761581421,1,3,10,10,20,20,20,1,5,3,2,0,10,0,20,1,2,1,2,0,20,0,20,2,5,1,3,1,2,1,10,3,3,1,4,4,1,34,5,26,66,26,1,2,3,4,1
2022-09-28 11:22:51,2022-09-28 11:47:49,0,100,1498,1,2022-09-28 11:47:50,R_2YWZs6XHQ060OUN,anonymous,EN,1,1,2,0,15,0,25,20,4,3,2,1,10,15,10,20,1,2,2,1,15,20,15,25,1,4,3,3,3,1,2,10,1,1,2,2,4,1,24,7,16,66,7,1,4,3,1,2
2022-09-28 11:41:20,2022-09-28 12:11:08,0,100,1787,1,2022-09-28 12:11:08,R_3dE0RuMXASHRAns,anonymous,EN,1,1,2,0,10,0,20,50,1,5,4,2,10,10,20,20,1,1,1,2,20,20,20,20,2,1,5,4,3,1,2,30,1,3,2,1,5,1,44,6,21,66,26,1,2,1,3,4
2022-09-28 11:55:32,2022-09-28 12:14:55,0,100,1162,1,2022-09-28 12:14:55,R_Zq9ao0D1PLO3dIZ,anonymous,EN,1,1,1,1,1,1,1,15,1,5,5,2,10,10,20,20,1,1,3,2,10,20,20,20,2,1,5,4,2,1,3,15,1,3,2,4,4,1,49,6,22,66,7,1,3,2,1,4
2022-09-28 11:58:00,2022-09-28 12:16:23,0,100,1102,1,2022-09-28 12:16:23,R_25zwAxJqbQ9K2ap,anonymous,EN,1,1,1,10,10,20,20,10,2,3,3,2,10,10,20,20,1,1,2,2,10,10,20,20,2,2,2,2,2,1,2,10,4,4,3,4,5,1,29,1,16,66,26,1,3,1,4,2
2022-09-28 11:34:03,2022-09-28 12:21:36,0,100,2852,1,2022-09-28 12:21:36,R_2w5FX6uk6WprfhD,anonymous,EN,1,1,1,10,20,10,40,5,1,5,5,2,10,20,10,40,1,2,2,2,20,40,20,40,2,5,1,5,1,2,2,5,1,3,2,1,5,1,44,6,29,66,7,1,2,4,3,1
2022-09-28 11:55:07,2022-09-28 12:24:18,0,100,1750,1,2022-09-28 12:24:18,R_2BlF17e3qTrszlF,anonymous,EN,1,1,1,0,0,0,0,10,5,1,2,2,10,10,10,10,1,1,1,2,20,20,20,20,2,2,4,5,2,1,1,10,1,4,2,4,5,1,37,3,21,66,26,1,3,1,2,4
2022-09-28 11:25:59,2022-09-28 12:28:29,0,100,3750,1,2022-09-28 12:28:29,R_1QsEPK96rdC9Dn3,anonymous,EN,1,1,2,0,10,0,20,50,2,3,3,2,10,20,20,30,1,1,1,2,25,30,25,30,2,2,2,1,1,2,1,5,1,1,1,3,2,2,21,2,15,66,26,1,2,4,1,3
2022-09-28 12:39:05,2022-09-28 12:52:08,0,100,782,1,2022-09-28 12:52:08,R_1pzZZp3fKGCAmyn,anonymous,EN,0.8999999761581421,1,3,10,10,10,10,10,1,5,5,1,10,10,10,10,3,1,2,2,20,20,20,20,1,1,5,5,2,2,2,5,1,3,3,4,4,2,28,5,13,66,26,1,2,3,4,1
2022-09-28 11:31:41,2022-09-28 13:01:33,0,100,5392,1,2022-09-28 13:01:34,R_2robpZlYDOTLpsU,anonymous,EN,0.8999999761581421,1,2,0,10,0,20,10,1,5,5,1,10,10,20,20,1,2,3,2,20,20,20,20,1,1,5,5,1,2,3,5.00,3,3,3,4,5,2,58,4,11,66,26,1,3,4,2,1
2022-09-28 10:37:50,2022-09-28 13:05:20,0,100,8850,1,2022-09-28 13:05:20,R_RQOzFg5Pq6aYGk1,anonymous,EN,0.8999999761581421,1,3,10,10,10,10,20,3,2,2,2,10,10,20,20,3,1,2,2,10,20,20,20,2,3,3,2,3,1,2,10,4,4,1,2,4,2,20,7,6,66,7,1,3,4,1,2
2022-09-28 12:46:50,2022-09-28 13:10:13,0,100,1402,1,2022-09-28 13:10:13,R_pAd93H3EySlbrTb,anonymous,EN,0.8999999761581421,1,1,10,15,20,25,20,1,4,1,1,10,15,15,30,1,2,2,1,20,30,20,40,1,3,4,4,2,2,1,20,1,3,2,4,4,1,32,3,4,66,7,1,1,3,2,4
2022-09-28 12:55:21,2022-09-28 13:13:40,0,100,1099,1,2022-09-28 13:13:41,R_1mOBc6EEiPm3PxL,anonymous,EN,1,1,3,0,10,0,20,10,1,5,4,1,20,30,20,20,2,2,2,1,20,30,20,20,1,4,1,1,2,2,2,10,1,3,3,4,4,1,40,6,22,66,26,1,4,3,1,2
2022-09-28 12:02:10,2022-09-28 13:45:36,0,100,6205,1,2022-09-28 13:45:37,R_1eCBdOpq0T5cwU7,anonymous,EN,0.8999999761581421,1,1,0,10,0,20,20,1,5,3,2,10,20,20,30,1,2,1,1,20,30,20,30,2,1,5,3,2,2,1,5,1,3,2,1,4,1,21,6,16,66,7,1,4,1,2,3
2022-09-28 13:17:27,2022-09-28 13:48:14,0,100,1846,1,2022-09-28 13:48:14,R_2vdprAR2caVTlmo,anonymous,EN,1,1,3,10,10,20,20,3,5,5,1,2,12,12,20,20,1,2,2,2,10,10,20,20,2,5,3,1,3,2,2,3,1,1,3,1,4,1,37,7,20,66,7,1,4,2,3,1
2022-09-28 13:31:37,2022-09-28 14:11:10,0,100,2373,1,2022-09-28 14:11:11,R_1jSRYZZigsg0VXK,anonymous,EN,0.8999999761581421,1,1,9,10,19,20,15,1,5,1,1,10,15,20,25,1,1,2,2,10,15,20,25,1,1,1,2,1,1,2,15,1,3,2,4,5,1,31,3,20,66,7,1,2,3,4,1
2022-09-28 13:09:27,2022-09-28 14:12:46,0,100,3799,1,2022-09-28 14:12:46,R_1hKL5blE8o0XllF,anonymous,EN,0.8999999761581421,1,2,10,10,20,20,20,1,5,5,2,10,10,20,20,1,1,2,2,10,20,20,25,2,1,5,5,1,1,2,20.00,1,3,2,1,3,1,33,1,20,66,26,1,2,4,3,1
2022-09-28 13:21:03,2022-09-28 14:22:32,0,100,3688,1,2022-09-28 14:22:32,R_1rCZjYUFoBHxk0B,anonymous,EN,1,1,3,10,10,20,20,20,1,5,2,2,10,10,20,20,3,1,3,2,20,20,20,20,2,1,5,3,3,1,3,20,1,3,2,1,5,1,44,4,20,66,26,1,4,2,3,1
2022-09-28 13:32:38,2022-09-28 15:38:34,0,100,7556,1,2022-09-28 15:38:36,R_DGH2ztzZkYXJMTD,anonymous,EN,1,1,2,12,15,20,25,10,2,1,1,1,12,15,20,25,3,2,2,2,10,10,20,20,1,3,1,1,3,2,2,10,1,3,1,3,3,1,28,1,3,66,7,1,4,3,1,2
2022-09-28 17:23:38,2022-09-28 17:36:44,0,100,785,1,2022-09-28 17:36:45,R_3Pn7BiYlKDCpeZC,anonymous,EN,0.8999999761581421,1,2,10,20,20,30,30,1,1,1,1,20,20,40,40,1,1,1,2,20,20,30,30,1,1,1,1,1,1,1,30,1,3,1,1,4,1,43,2,33,66,7,1,1,4,3,2
2022-09-28 17:19:25,2022-09-28 17:44:22,0,100,1496,1,2022-09-28 17:44:22,R_323zg8gpTX8WNjo,anonymous,EN,1,1,3,0,0,0,0,10,5,4,4,1,10,10,10,10,3,2,1,3,10,10,20,20,1,3,3,3,2,2,1,6.00,1,3,2,4,5,2,43,2,18,66,7,1,4,2,1,3
2022-09-28 17:31:59,2022-09-28 18:08:21,0,100,2181,1,2022-09-28 18:08:21,R_3mmjK9Gvo2mZIsw,anonymous,EN,0.8999999761581421,1,1,0,10,0,20,20,3,5,5,1,10,10,20,20,3,2,2,2,10,20,20,20,1,1,5,5,1,1,1,20,1,3,3,4,5,1,22,7,16,66,26,1,4,2,3,1
2022-09-28 18:13:34,2022-09-28 18:30:45,0,100,1031,1,2022-09-28 18:30:46,R_3Oe5es37Zv3Cm5Z,anonymous,EN,1,1,1,10,10,10,10,20,5,2,4,2,10,10,10,10,2,2,1,3,10,20,20,20,2,4,2,5,2,2,1,20,4,4,2,2,3,2,44,1,20,66,7,1,4,2,1,3
2022-09-28 19:17:11,2022-09-28 19:49:14,0,100,1922,1,2022-09-28 19:49:14,R_31KpRqF1znuPDl7,anonymous,EN,1,1,2,10,10,20,20,15,1,3,3,1,10,20,20,30,1,1,2,2,20,30,20,30,1,3,1,1,2,1,2,10,2,4,3,1,4,2,66,4,15,66,26,1,2,3,1,4
2022-09-28 19:40:57,2022-09-28 20:00:44,0,100,1186,1,2022-09-28 20:00:44,R_2yrzQz4VM9lhRGV,anonymous,EN,0.8999999761581421,1,3,0,30,0,40,40,1,5,5,1,0,30,0,45,3,2,1,3,0,30,0,50,1,1,5,5,2,2,1,10,1,3,3,1,3,2,23,7,17,66,7,1,2,3,4,1
2022-09-28 19:26:45,2022-09-28 20:03:57,0,100,2232,1,2022-09-28 20:03:58,R_2VvS7ntlq8avLoJ,anonymous,EN,0.8999999761581421,1,2,0,0,0,0,15,1,5,5,1,10,10,10,10,3,2,2,2,20,20,20,20,1,1,5,5,3,2,1,8,1,3,3,2,4,2,40,3,18,66,26,1,3,4,2,1
2022-09-28 15:49:31,2022-09-28 21:01:50,0,100,18738,1,2022-09-28 21:01:50,R_OBaMgDBo1PUwuUp,anonymous,EN,0.8999999761581421,1,3,10,10,20,20,100,3,1,5,2,10,10,20,20,3,2,2,2,10,10,20,20,2,5,1,5,1,2,1,100,1,3,1,4,3,2,20,7,15,66,7,1,3,4,1,2
2022-09-28 22:04:37,2022-09-28 22:21:07,0,100,990,1,2022-09-28 22:21:09,R_2WZmMifSB649sU1,anonymous,EN,0.8999999761581421,1,1,10,10,10,10,10,1,5,3,1,10,10,10,10,1,1,3,1,10,10,10,10,1,1,5,3,1,1,3,10,1,3,2,4,5,2,42,6,21,66,26,1,4,1,2,3
2022-09-28 22:00:51,2022-09-28 22:30:27,0,100,1775,1,2022-09-28 22:30:27,R_2382XYgZVEWepzv,anonymous,EN,0.8999999761581421,1,2,0,10,0,20,10,4,1,1,1,10,10,20,20,1,1,1,2,10,20,20,20,1,4,1,1,3,1,1,8,1,3,2,4,4,1,53,6,22,66,7,1,3,4,2,1
2022-09-28 22:24:50,2022-09-28 22:56:26,0,100,1895,1,2022-09-28 22:56:26,R_1QmybYsCM0zo4bK,anonymous,EN,,1,1,10,10,10,10,0,3,3,3,1,10,10,10,10,3,1,1,2,10,20,10,20,2,3,3,3,2,1,1,0,1,3,2,1,3,2,40,7,17,66,7,1,4,1,2,3
2022-09-29 07:29:16,2022-09-29 07:45:59,0,100,1003,1,2022-09-29 07:46:00,R_Y47uIXVJIG6QKMF,anonymous,EN,0.8999999761581421,1,3,10,10,20,20,20,1,5,2,1,10,10,20,20,1,2,2,2,20,20,20,20,1,1,5,2,2,2,2,20,3,3,2,4,3,2,37,6,25,66,7,1,2,1,4,3
2022-09-29 12:45:46,2022-09-29 13:04:18,0,100,1112,1,2022-09-29 13:04:19,R_3OoVglSyHVub6XN,anonymous,EN,1,1,3,10,10,20,20,15,1,5,5,2,10,10,20,20,3,2,2,1,10,10,20,20,2,5,1,5,2,2,2,20,1,3,3,2,5,2,21,7,13,66,7,1,3,4,2,1
2022-09-28 08:59:50,2022-09-29 13:09:45,0,100,101394,1,2022-09-29 13:09:45,R_32XyKEYQvhY5NUv,anonymous,EN,1,1,1,10,10,20,20,13,1,5,4,1,10,10,20,20,3,1,1,2,20,20,30,30,1,1,5,5,3,1,1,10,4,4,3,4,4,1,22,7,3,66,26,1,3,1,4,2
2022-09-29 13:51:10,2022-09-29 14:06:51,0,100,940,1,2022-09-29 14:06:51,R_cYoaPiBp8J7SgDL,anonymous,EN,0.8999999761581421,1,1,10,10,20,20,5,5,1,1,2,10,10,20,20,1,1,1,2,10,20,20,20,2,5,1,1,2,2,1,5,1,1,3,4,5,2,33,6,18,66,26,1,4,3,2,1
2022-09-29 14:07:29,2022-09-29 14:40:11,0,100,1962,1,2022-09-29 14:40:12,R_1Lp5AnFUPZvDODK,anonymous,EN,1,1,2,10,10,10,10,20,2,4,3,2,50,50,50,50,2,2,2,2,20,20,20,20,2,2,4,3,3,2,2,20,1,4,3,4,5,2,34,3,28,66,7,1,2,1,4,3
2022-09-29 14:35:04,2022-09-29 14:49:42,0,100,878,1,2022-09-29 14:49:42,R_2sWQc7QqZloJb7S,anonymous,EN,0.8999999761581421,1,2,0,10,0,20,20,1,5,4,2,10,20,20,40,2,1,2,2,20,20,20,30,2,3,3,3,2,1,2,10,1,3,3,4,4,2,33,4,25,66,7,1,3,1,4,2
2022-09-29 14:09:11,2022-09-29 15:32:59,0,100,5027,1,2022-09-29 15:33:00,R_3HMsCKYiaF8LnVp,anonymous,EN,1,1,2,10,10,20,20,20,1,2,1,1,10,10,10,10,1,2,3,2,20,20,20,20,1,5,1,1,1,2,1,5.00,1,3,1,4,4,2,68,6,16,66,7,1,2,4,3,1
2022-09-29 16:06:33,2022-09-29 16:40:04,0,100,2010,1,2022-09-29 16:40:05,R_3kFCHehVAwIG431,anonymous,EN,1,1,2,0,10,0,10,5,1,4,4,1,10,10,10,10,1,1,2,2,10,20,20,20,1,2,5,3,2,2,1,4,1,3,3,4,5,2,24,7,18,66,7,1,3,2,1,4
2022-09-29 17:01:44,2022-09-29 18:35:25,0,100,5621,1,2022-09-29 18:35:25,R_3n0gTZyjiuWTPKf,anonymous,EN,1,1,2,0,10,0,10,10,3,3,3,1,20,30,20,30,1,1,1,2,20,30,20,30,1,3,1,3,1,1,1,5,4,4,3,3,4,2,52,3,30,66,7,1,3,2,1,4
2022-09-29 18:39:00,2022-09-29 18:59:11,0,100,1211,1,2022-09-29 18:59:12,R_3kFOybDd8ByhiQF,anonymous,EN,1,1,3,10,10,10,20,20,3,3,4,2,10,10,10,20,3,1,1,2,10,10,10,20,2,3,3,4,2,1,1,20,4,4,2,4,3,1,45,7,15,66,7,1,2,1,3,4
2022-09-29 18:52:32,2022-09-29 19:28:17,0,100,2144,1,2022-09-29 19:28:17,R_1dH9uH050oQOloB,anonymous,EN,0.800000011920929,1,3,0,0,0,0,5,2,5,2,2,10,10,10,10,1,1,3,2,10,10,10,10,2,5,1,5,3,1,3,5,1,2,3,4,4,2,59,3,18,66,26,1,4,1,2,3
2022-09-29 19:00:02,2022-09-29 19:30:37,0,100,1835,1,2022-09-29 19:30:38,R_24vmtInP0KqjBqA,anonymous,EN,0.8999999761581421,1,3,10,10,20,20,20,1,5,2,2,10,10,20,20,3,1,1,2,20,30,20,30,2,1,5,1,3,1,1,8.00,1,3,2,2,4,1,74,1,22,66,26,1,3,2,4,1
2022-09-29 19:11:50,2022-09-29 19:37:49,0,100,1558,1,2022-09-29 19:37:49,R_2OMtUUQAuVIhgUO,anonymous,EN,,1,2,10,15,20,20,50,1,3,5,2,10,15,20,20,1,2,2,2,20,30,20,30,2,1,5,5,3,2,2,30,1,3,1,4,4,1,25,7,15,66,7,1,3,4,1,2
2022-09-29 21:32:11,2022-09-29 22:02:01,0,100,1789,1,2022-09-29 22:02:01,R_2TR9F8wSK36BHE7,anonymous,EN,0.8999999761581421,1,3,10,10,20,20,10,3,3,3,2,10,10,20,20,1,2,2,3,10,10,20,20,1,3,3,3,1,2,2,10,4,4,3,4,3,2,52,7,23,66,1,2,1,3,4,2
2022-09-30 04:07:36,2022-09-30 04:18:34,0,100,658,1,2022-09-30 04:18:35,R_3EiiDtI5Wil69AF,anonymous,EN,0.8999999761581421,1,3,10,10,20,20,20,1,3,2,2,10,10,20,20,3,1,2,2,20,20,20,20,2,1,3,3,2,1,2,15,1,3,2,1,4,2,21,1,17,66,26,1,3,2,4,1
2022-09-30 10:18:47,2022-09-30 10:32:42,0,100,835,1,2022-09-30 10:32:43,R_UyaYyuNKmzXOvYZ,anonymous,EN,1,1,3,0,10,0,20,30,1,4,5,1,10,10,20,20,3,2,2,2,20,20,20,20,1,1,4,5,3,2,2,7,4,3,1,4,4,2,28,4,22,66,26,1,4,2,3,1
2022-09-30 13:13:05,2022-09-30 13:31:42,0,100,1116,1,2022-09-30 13:31:43,R_3I5yvmxTTwKFZDq,anonymous,EN,0.8999999761581421,1,2,10,10,20,20,10,2,5,2,1,10,10,20,20,1,1,2,2,10,10,20,20,1,1,2,1,2,1,2,10,1,3,2,4,3,1,43,6,20,66,7,1,2,1,4,3
2022-09-29 20:12:26,2022-09-30 15:04:44,0,100,67938,1,2022-09-30 15:04:45,R_2zJeO6xNLI53LM4,anonymous,EN,1,1,2,0,10,0,20,10,1,5,5,2,0,10,0,20,2,1,2,2,0,20,0,20,2,1,5,5,1,1,2,10,1,3,3,1,5,1,47,6,22,66,1,1,2,1,4,3
2022-09-30 15:57:05,2022-09-30 16:13:04,0,100,959,1,2022-09-30 16:13:05,R_21pr7zFnzkOQi1T,anonymous,EN,1,1,1,10,15,20,25,5,1,5,5,2,10,15,20,25,1,2,2,1,10,10,20,20,2,1,3,3,2,2,2,5,1,3,2,1,4,1,27,1,17,66,26,1,2,3,4,1
2022-09-30 16:25:06,2022-09-30 16:37:59,0,100,772,1,2022-09-30 16:37:59,R_1kXN0GnXx0DkZTv,anonymous,EN,1,1,3,10,12,20,25,5,1,3,4,2,10,12,20,25,3,2,1,2,10,12,20,25,2,1,3,4,3,2,3,5,1,3,2,3,5,1,34,6,23,66,26,1,3,1,4,2
2022-09-30 17:09:11,2022-09-30 17:32:23,0,100,1391,1,2022-09-30 17:32:24,R_3p3BIkSxtcdS0gg,anonymous,EN,0.8999999761581421,1,2,10.00,10.00,10.00,10.00,10.00,1,5,1,2,10.00,10.00,10.00,10.00,2,1,1,2,20.00,20.00,20.00,20.00,2,5,1,1,2,2,1,10.00,4,4,3,1,4,2,55,5,20,66,7,1,3,1,4,2
2022-09-30 17:23:44,2022-09-30 18:05:01,0,100,2476,1,2022-09-30 18:05:02,R_2YFY7JIYeiFBbl3,anonymous,EN,1,1,2,10,10,10,10,20,1,4,2,1,10,10,10,10,1,1,2,2,10,20,20,20,2,2,2,1,2,1,2,15,1,3,2,4,4,1,66,6,19,66,7,1,2,1,4,3
2022-09-30 17:24:25,2022-09-30 18:51:56,0,100,5251,1,2022-09-30 18:52:06,R_3xDCvxhuDTaRaiB,anonymous,EN,0.8999999761581421,1,3,10,10,20,20,10,2,4,3,1,10,10,20,20,1,2,2,2,10,10,20,20,1,2,4,3,2,2,1,5,1,3,1,1,3,1,46,6,21,66,7,1,1,3,4,2
2022-09-30 20:19:44,2022-09-30 20:54:59,0,100,2114,1,2022-09-30 20:54:59,R_21pGHwqsBpgNYDJ,anonymous,EN,1,1,2,0,10,0,20,15,1,5,5,1,10,10,20,20,1,2,2,1,20,20,20,20,1,1,5,5,2,2,1,15,1,3,3,4,4,1,58,7,18,66,7,1,2,1,4,3
2022-09-30 20:41:16,2022-09-30 21:56:24,0,100,4508,1,2022-09-30 21:56:25,R_0OfDsouhxQc5HZT,anonymous,EN,1,1,1,10,15,20,25,5,2,5,5,2,10.00,15.00,20.00,25.00,1,2,1,2,10,15,20,25,2,2,5,5,2,2,1,5.00,1,4,3,4,5,1,22,6,7,66,26,1,3,2,4,1
2022-09-30 22:53:05,2022-09-30 23:47:35,0,100,3270,1,2022-09-30 23:47:35,R_1FaIMvxVhWO5Hx5,anonymous,EN,1,1,3,10.00,10.00,20.00,20.00,5.00,1,5,5,1,10.00,10,20,20,3,2,2,3,10,10,20.00,20.00,1,1,1,5,3,1,1,5.00,2,4,3,4,4,2,39,7,4,66,7,1,4,2,3,1
2022-10-01 13:53:16,2022-10-01 14:27:25,0,100,2049,1,2022-10-01 14:27:26,R_V4HUxi5680wbvKV,anonymous,EN,1,1,3,10,10,20,20,15,2,2,3,2,20,20,30,30,1,1,1,2,20,30,20,20,2,1,2,1,2,2,2,15,1,3,3,4,4,2,2,7,19,66,26,1,4,2,1,3
2022-10-01 18:25:57,2022-10-01 19:02:03,0,100,2166,1,2022-10-01 19:02:03,R_3G6rZdOr4Oki0Kj,anonymous,EN,0.8999999761581421,1,2,0,10,0,20,10,1,5,5,2,10,10,20,20,1,1,2,1,20,20,20,20,2,4,2,2,1,2,2,6,1,3,2,4,4,2,42,6,19,66,26,1,3,1,2,4
2022-10-02 16:47:45,2022-10-02 17:41:43,0,100,3238,1,2022-10-02 17:41:45,R_20Vgvol5rQg0NJV,anonymous,EN,1,1,3,10,10,20,20,50,1,5,2,1,20,20,20,20,3,1,2,3,20,20,20,20,1,1,5,1,1,2,2,10,1,3,3,1,5,2,60,2,16,66,7,1,3,2,1,4
2022-10-02 17:26:59,2022-10-02 18:17:06,0,100,3006,1,2022-10-02 18:17:06,R_33wls8v9aWvfemF,anonymous,EN,1,1,3,10,10,20,20,6,1,5,5,1,10,10,20,20,1,1,1,1,10,10,20,20,1,1,5,5,2,1,1,6,1,3,3,2,4,2,55,6,22,66,26,1,4,1,3,2
2022-09-30 11:08:34,2022-10-03 08:22:40,0,100,249246,1,2022-10-03 08:22:41,R_wSm7t42Sin7m7x7,anonymous,EN,0.8999999761581421,1,3,0,10,0,20,5,1,5,5,1,10,15,20,25,3,2,2,1,10,25,20,25,1,1,5,5,3,2,2,5,1,4,2,4,3,1,34,1,19,66,26,1,4,3,1,2
2022-10-01 16:02:15,2022-10-03 08:47:13,0,100,146697,1,2022-10-03 08:47:13,R_2CNhIfOLmZ6ry09,anonymous,EN,0.8999999761581421,1,1,20,20,20,20,20,1,5,5,2,10,10,20,20,1,2,1,1,20,20,20,20,2,1,5,5,2,2,1,20,1,3,3,1,4,2,20,1,15,66,26,1,2,3,1,4
2022-10-03 10:01:18,2022-10-03 10:19:29,0,100,1090,1,2022-10-03 10:19:31,R_3nv2ex48oGTk0Kw,anonymous,EN,1,1,3,15,20,20,25,20,1,5,5,2,15,20,20,25,3,1,3,3,15,20,20,25,1,1,5,5,2,1,3,20,1,3,2,1,4,2,25,1,16,66,26,1,4,1,3,2
2022-10-03 11:30:14,2022-10-03 11:52:55,0,100,1361,1,2022-10-03 11:52:56,R_3r3e96H3htzdwW5,anonymous,EN,1,1,3,10,10,20,20,20,1,5,5,1,10,10,20,20,1,2,3,2,20,20,25,25,2,1,5,5,3,2,3,10,1,4,3,4,3,2,35,1,15,66,7,1,1,2,4,3
2022-10-03 12:20:44,2022-10-03 12:45:42,0,100,1498,1,2022-10-03 12:45:42,R_2VxVAqb1tFT2NYB,anonymous,EN,1,1,3,13,15,25,30,15,3,4,2,2,13,15,25,30,3,1,3,1,30,35,30,35,2,4,4,4,1,1,3,8,1,3,2,4,5,1,33,2,18,66,26,1,1,2,4,3
2022-10-03 13:09:14,2022-10-03 13:31:51,0,100,1356,1,2022-10-03 13:31:51,R_2dLlUhEdn6al0R2,anonymous,EN,0.8999999761581421,1,2,10,10,20,20,10,5,3,2,2,10,10,20,20,1,1,1,2,10,10,20,20,2,5,2,1,1,1,1,5,1,3,2,2,4,1,47,6,21,66,7,1,4,3,2,1
2022-10-03 13:42:01,2022-10-03 14:06:12,0,100,1450,1,2022-10-03 14:06:12,R_1GE8acncSym7Uu6,anonymous,EN,1,1,3,10,10,20,20,10,5,1,5,2,10,10,20,20,2,1,2,3,20,20,20,20,2,5,1,5,3,1,2,5,1,3,3,4,4,2,60,5,20,66,26,1,1,2,4,3
2022-10-03 13:44:18,2022-10-03 14:08:13,0,100,1435,1,2022-10-03 14:08:15,R_3st3fSNYPrqaQyV,anonymous,EN,0.800000011920929,1,2,10,10,20,20,20,4,4,1,2,10,10,20,20,1,2,2,2,20,20,20,20,2,4,5,1,2,2,2,5,1,3,2,1,5,2,25,4,23,66,7,1,2,3,1,4
2022-10-03 14:16:09,2022-10-03 14:44:07,0,100,1678,1,2022-10-03 14:44:07,R_1KuSBuyN94SU4PL,anonymous,EN,1,1,3,10,10,20,20,25,3,5,4,2,10,10,20,20,1,2,1,2,20,20,20,20,2,3,5,4,2,2,1,20,1,3,3,4,4,2,27,5,18,66,26,1,1,3,4,2
2022-10-03 12:41:10,2022-10-03 15:11:54,0,100,9044,1,2022-10-03 15:11:55,R_OJ39rg43ewW5wHv,anonymous,EN,0.8999999761581421,1,2,10,20,10,20,10,1,1,1,2,10,20,20,25,2,2,1,2,10,20,10,20,1,1,1,1,3,2,2,10,1,1,1,4,4,2,55,7,10,66,7,1,1,3,2,4
2022-09-27 18:04:29,2022-09-27 18:05:29,0,8,59,0,2022-10-04 18:05:34,R_3QRiamxA45qVFIL,anonymous,EN,0.8999999761581421,1,,,,,,,,,,,,,,,,,,,,,,,,,,,,,,,,,,,,,,,,,,,1,4,3,2
2022-09-27 18:42:58,2022-09-27 18:43:56,0,3,58,0,2022-10-04 18:44:02,R_a92k86kgDP0Zorv,anonymous,EN,0.8999999761581421,1,,,,,,,,,,,,,,,,,,,,,,,,,,,,,,,,,,,,,,,,,,,,,,
2022-09-27 18:43:42,2022-09-27 18:49:50,0,50,367,0,2022-10-04 18:49:59,R_31gZSnXn8B310qt,anonymous,EN,1,1,1,0,10,0,20,25,1,5,5,2,0,10,0,20,1,2,1,2,0,20,0,30,2,,,,,,,,,,,,,,,,,,,,1,2,3,4
2022-09-27 19:13:34,2022-09-27 19:14:22,0,8,47,0,2022-10-04 19:14:27,R_4TrKLjpwdVEcUmd,anonymous,EN,1,1,,,,,,,,,,,,,,,,,,,,,,,,,,,,,,,,,,,,,,,,,,,2,3,4,1
2022-09-27 19:09:37,2022-09-27 19:14:27,0,39,290,0,2022-10-04 19:14:28,R_3iCfAp16sxaVO61,anonymous,EN,1,1,2,,,,,,,,,,10,20,30,20,2,1,3,1,30,30,20,20,1,1,1,1,,,,,,,,,,,,,,,,,3,1,2,4
2022-09-27 19:16:02,2022-09-27 19:16:22,0,8,19,0,2022-10-04 19:16:23,R_2sXgIO3bl0dPl3x,anonymous,EN,1,1,,,,,,,,,,,,,,,,,,,,,,,,,,,,,,,,,,,,,,,,,,,4,2,3,1
2022-09-27 19:19:39,2022-09-27 19:19:48,8,3,9,0,2022-10-04 19:19:53,R_bHoBpJFLRga4kNj,anonymous,EN,1,1,,,,,,,,,,,,,,,,,,,,,,,,,,,,,,,,,,,,,,,,,,,,,,
2022-09-27 19:29:45,2022-09-27 19:30:03,8,3,17,0,2022-10-04 19:30:12,R_ZjYQFcwaKdjAjSN,anonymous,EN,0.8999999761581421,1,,,,,,,,,,,,,,,,,,,,,,,,,,,,,,,,,,,,,,,,,,,,,,
2022-09-27 19:38:10,2022-09-27 19:40:15,0,14,125,0,2022-10-04 19:40:21,R_2Cg49kbnAu4iHu9,anonymous,EN,0.8999999761581421,1,,,,,,,,,,,,,,,,,,,,,,,,,,,2,1,,,,,,,,,,,,,,,3,2,4,1
2022-09-27 20:06:24,2022-09-27 20:16:28,0,33,604,0,2022-10-04 20:16:32,R_xxEmF16fzROsTQJ,anonymous,EN,1,1,,,,,,,,,,,10,20,20,30,2,2,,2,20,30,20,30,1,3,3,2,,,,,,,,,,,,,,,,,4,2,1,3
2022-09-27 19:08:11,2022-09-27 20:32:17,0,58,5045,0,2022-10-04 20:32:19,R_1rPqop8JQpUSwjU,anonymous,EN,1,1,1,10,10,10,20,30,,,,,10,10,20,20,1,1,1,2,20,20,20,20,1,5,5,2,2,1,1,20,,,,,,,,,,,,,4,3,2,1
2022-09-27 20:38:23,2022-09-27 20:39:07,8,3,44,0,2022-10-04 20:39:11,R_2XdO8z0Auw7KbZw,anonymous,EN,1,1,,,,,,,,,,,,,,,,,,,,,,,,,,,,,,,,,,,,,,,,,,,,,,
2022-09-27 18:31:40,2022-09-27 21:55:43,0,33,12243,0,2022-10-04 21:55:45,R_RkLW2LLtPsYhKs9,anonymous,EN,1,1,,,,,,,,,,,,,,,,,,2,20,30,20,30,1,2,1,1,2,2,1,10,,,,,,,,,,,,,4,3,1,2
2022-09-27 22:07:04,2022-09-27 22:10:59,8,3,234,0,2022-10-04 22:11:01,R_2uWmRgEIOoyoA5u,anonymous,EN,,1,,,,,,,,,,,,,,,,,,,,,,,,,,,,,,,,,,,,,,,,,,,,,,
2022-09-27 21:40:47,2022-09-27 22:15:24,0,25,2076,0,2022-10-04 22:15:25,R_RIg92H1YEAABJSx,anonymous,EN,1,1,3,,,,,,,,,,10,12,20,22,1,1,2,,,,,,,,,,,,,,,,,,,,,,,,,,2,1,3,4
2022-09-27 22:19:02,2022-09-27 22:19:36,0,8,33,0,2022-10-04 22:19:37,R_2AKEITPZKNaKpH7,anonymous,EN,1,1,,,,,,,,,,,,,,,,,,,,,,,,,,,,,,,,,,,,,,,,,,,2,1,4,3
2022-09-27 22:23:09,2022-09-27 22:28:41,0,39,332,0,2022-10-04 22:28:46,R_20TEKI3pcJzb9Ev,anonymous,EN,0.8999999761581421,1,3,22,25,22,25,35,3,2,3,2,,,,,,,,3,22,25,22,25,2,3,2,3,,,,,,,,,,,,,,,,,2,3,1,4
2022-09-27 22:35:11,2022-09-27 22:35:17,0,3,5,0,2022-10-04 22:35:18,R_Z9NX8uDp40IbMwp,anonymous,EN,1,1,,,,,,,,,,,,,,,,,,,,,,,,,,,,,,,,,,,,,,,,,,,,,,
2022-10-05 00:02:14,2022-10-05 00:26:14,0,100,1440,1,2022-10-05 00:26:14,R_26ohJZySwuDI2d3,anonymous,EN,1,1,3,10,10,20,20,10,1,5,5,2,10,10,20,20,3,1,3,1,20,20,20,20,2,1,5,5,3,2,3,5,1,2,1,2,4,2,61,4,18,66,7,1,2,3,4,1
2022-09-28 00:19:07,2022-09-28 00:59:22,0,58,2414,0,2022-10-05 00:59:23,R_1dNsw2pfjeytRV7,anonymous,EN,1,1,3,0,10,0,20,50,1,5,5,2,15,20,25,30,1,1,2,2,10,30,30,40,,,,,1,1,2,50,,,,,,,,,,,,,1,2,4,3
2022-09-28 01:33:42,2022-09-28 01:46:14,0,64,751,0,2022-10-05 01:46:22,R_a8WgWGRwyQKYktH,anonymous,EN,1,1,2,10,10,10,10,20,1,2,2,1,10,10,10,10,1,2,1,2,20,20,20,20,2,1,2,2,1,2,1,20,,,,,,,,,,,,,4,2,1,3
2022-09-28 01:47:46,2022-09-28 01:52:54,0,39,307,0,2022-10-05 01:53:01,R_3NJIZP214t1OXek,anonymous,EN,1,1,3,10,10,20,20,30,1,4,5,1,,,,,,,,2,,,,,,,,,2,2,2,10,,,,,,,,,,,,,1,4,3,2
2022-09-28 06:46:36,2022-09-28 06:54:46,8,3,489,0,2022-10-05 06:54:48,R_2qjuONwE7nPZqH3,anonymous,EN,0.8999999761581421,1,,,,,,,,,,,,,,,,,,,,,,,,,,,,,,,,,,,,,,,,,,,,,,
2022-10-05 07:24:42,2022-10-05 07:45:32,0,100,1250,1,2022-10-05 07:45:33,R_1i1Y7yZfcgFhEPg,anonymous,EN,0.800000011920929,1,3,10,10,20,20,10,4,2,2,2,10,10,10,10,3,2,2,1,10,20,20,20,2,3,4,2,2,1,1,10,1,1,1,2,4,1,33,3,10,66,9,1,2,4,1,3
2022-09-28 07:46:36,2022-09-28 07:55:03,0,50,506,0,2022-10-05 07:55:06,R_124lh7RU0Garunh,anonymous,EN,1,1,1,20,50,30,60,40,1,1,3,1,,,,,,,,2,20,30,30,60,2,1,5,1,2,2,1,20,,,,,,,,,,,,,1,4,2,3
2022-09-28 07:55:30,2022-09-28 07:59:44,0,22,253,0,2022-10-05 07:59:48,R_2ts32n4bjz1STQV,anonymous,EN,0.8999999761581421,1,,,,,,,,,,,,,,,,,,1,,,,,,,,,1,1,2,10,,,,,,,,,,,,,4,3,2,1
2022-09-30 10:06:26,2022-10-05 08:04:54,0,100,424708,1,2022-10-05 08:04:54,R_p43wvGXq2JLGG1r,anonymous,EN,1,1,2,0,0,0,0,30,2,3,3,1,10,10,20,20,2,2,2,2,10,20,20,20,1,1,5,2,2,2,1,10,1,3,2,4,3,1,29,5,6,66,26,1,1,2,4,3
2022-09-28 07:34:30,2022-09-28 08:10:52,0,33,2181,0,2022-10-05 08:11:00,R_2rMasvIBbPHaOa5,anonymous,EN,1,1,,,,,,,,,,,10,10,20,20,1,1,1,,,,,,,,,,2,1,3,10,,,,,,,,,,,,,4,2,3,1
2022-09-28 09:17:12,2022-09-28 09:23:07,0,17,355,0,2022-10-05 09:24:48,R_3kAI38FwXtb5Vwt,anonymous,EN,0.8999999761581421,1,,,,,,,,,,,,,,,,,,,,,,,,,,,1,1,1,,,,,,,,,,,,,,2,3,4,1
2022-09-27 18:37:34,2022-09-28 09:57:08,0,11,55174,0,2022-10-05 10:07:40,R_4OD3PE7hVeLEpe9,anonymous,EN,1,1,3,,,,,,,,,,,,,,,,,,,,,,,,,,,,,,,,,,,,,,,,,,1,4,2,3
2022-09-28 11:15:37,2022-09-28 11:15:49,8,3,11,0,2022-10-05 11:15:57,R_2Pd8LrrjwiYtRtI,anonymous,EN,1,1,,,,,,,,,,,,,,,,,,,,,,,,,,,,,,,,,,,,,,,,,,,,,,
2022-09-28 11:24:05,2022-09-28 11:26:13,0,3,128,0,2022-10-05 11:35:13,R_2YK9gzBmqMd6WGs,anonymous,EN,1,1,,,,,,,,,,,,,,,,,,,,,,,,,,,,,,,,,,,,,,,,,,,,,,
2022-09-27 18:43:11,2022-09-28 11:33:18,0,6,60607,0,2022-10-05 11:56:02,R_2c2dPIokwK3LBKk,anonymous,EN,0.8999999761581421,1,,,,,,,,,,,,,,,,,,,,,,,,,,,,,,,,,,,,,,,,,,,,,,
2022-09-28 12:07:02,2022-09-28 12:13:40,0,61,398,0,2022-10-05 12:13:43,R_1l9K2mMv1pt417F,anonymous,EN,0.8999999761581421,1,1,4,6,10,10,100,5,1,1,2,4,6,5,15,2,2,3,1,5,5,10,10,1,,,,3,1,2,10,,,,,,,,,,,,,3,1,4,2
2022-09-28 12:19:15,2022-09-28 12:53:46,0,58,2070,0,2022-10-05 12:53:51,R_3CZUVUN28tpnUBO,anonymous,EN,1,1,2,10,20,20,40,5,3,3,4,1,20,40,40,60,1,,,2,20,40,20,40,1,3,4,2,1,1,2,50,,,,,,,,,,,,,2,4,1,3
2022-09-28 12:49:41,2022-09-28 12:54:29,0,17,287,0,2022-10-05 12:54:29,R_1gthJkA7bRX903H,anonymous,EN,0.8999999761581421,1,,,,,,,,,,,,,,,,,,,,,,,,,,,3,1,1,,,,,,,,,,,,,,4,2,3,1
2022-09-28 12:54:24,2022-09-28 12:55:09,0,3,44,0,2022-10-05 12:55:14,R_By7Z9dkmyyvTkbf,anonymous,EN,0.8999999761581421,1,,,,,,,,,,,,,,,,,,,,,,,,,,,,,,,,,,,,,,,,,,,,,,
2022-09-28 12:50:29,2022-09-28 12:55:54,0,8,325,0,2022-10-05 12:55:56,R_2YEu08LVwmEwIxf,anonymous,EN,1,1,,,,,,,,,,,,,,,,,,,,,,,,,,,,,,,,,,,,,,,,,,,3,1,2,4
2022-09-28 12:05:17,2022-09-28 12:57:22,0,36,3125,0,2022-10-05 12:57:28,R_1KeReblxC9mzWzx,anonymous,EN,1,1,3,10,10,20,20,100,1,2,2,1,,,,,,,,,,,,,,,,,1,1,1,50,,,,,,,,,,,,,2,4,3,1
2022-09-28 13:06:41,2022-09-28 13:12:33,0,50,351,0,2022-10-05 13:12:35,R_12AnZf48LWUMQrQ,anonymous,EN,1,1,3,,,,,,,,,,10,10,10,20,1,2,1,2,10,10,10,20,1,3,1,1,3,2,2,20,,,,,,,,,,,,,4,1,2,3
2022-09-28 13:11:08,2022-09-28 13:38:48,0,44,1660,0,2022-10-05 13:38:51,R_1cZGTgwYQReR9i6,anonymous,EN,0.8999999761581421,1,,,,,,,,,,,10,10,20,20,3,2,1,3,20,20,20,20,2,,,,3,1,1,20,,,,,,,,,,,,,4,1,3,2
2022-09-28 13:40:37,2022-09-28 13:45:24,0,25,287,0,2022-10-05 13:45:41,R_1FIHaoRxr1es28f,anonymous,EN,1,1,,,,,,,,,,,10,10,10,10,1,1,2,2,,,,,,,,,,,,,,,,,,,,,,,,,3,1,2,4
2022-09-28 13:46:13,2022-09-28 13:49:51,0,11,218,0,2022-10-05 13:49:55,R_DhN1foJBnz3onZf,anonymous,EN,1,1,2,,,,,,,,,,,,,,,,,,,,,,,,,,,,,,,,,,,,,,,,,,1,2,4,3
2022-09-28 13:41:09,2022-09-28 13:54:02,0,8,773,0,2022-10-05 13:54:08,R_1GMMiS44Zwk9sEF,anonymous,EN,0.8999999761581421,1,,,,,,,,,,,,,,,,,,,,,,,,,,,,,,,,,,,,,,,,,,,2,1,4,3
2022-09-28 14:08:11,2022-09-28 14:10:06,8,3,114,0,2022-10-05 14:10:09,R_215r92mZY7iqEh5,anonymous,EN,1,1,,,,,,,,,,,,,,,,,,,,,,,,,,,,,,,,,,,,,,,,,,,,,,
2022-09-28 14:29:31,2022-09-28 14:48:04,0,58,1113,0,2022-10-05 14:48:07,R_XStFt1HE5KiM11v,anonymous,EN,1,1,1,10,15,20,25,25,1,3,4,1,10,15,22,25,2,1,2,2,20,25,20,25,,,,,2,2,2,10,,,,,,,,,,,,,3,2,4,1
2022-09-28 15:11:42,2022-09-28 15:12:11,0,8,28,0,2022-10-05 15:12:13,R_xf7MpfWyit6DIs1,anonymous,EN,0.8999999761581421,1,,,,,,,,,,,,,,,,,,,,,,,,,,,,,,,,,,,,,,,,,,,2,1,3,4
2022-09-28 15:48:05,2022-09-28 16:05:32,0,53,1046,0,2022-10-05 16:05:34,R_rdxl1Khv80kulGN,anonymous,EN,1,1,3,0,10,0,20,10,2,5,4,2,0,10,0,20,3,1,3,3,,,,,,,,,3,2,1,10,,,,,,,,,,,,,3,1,4,2
2022-09-28 16:34:17,2022-09-28 16:53:16,0,39,1139,0,2022-10-05 16:53:22,R_33x7diA5QTre8Bo,anonymous,EN,,1,1,,,,,,,,,,15,15,25,25,3,2,2,1,10,10,25,25,2,2,1,1,,,,,,,,,,,,,,,,,3,2,1,4
2022-09-28 16:58:21,2022-09-28 17:14:34,0,11,972,0,2022-10-05 17:14:37,R_2CJGR3h67Dh6QXb,anonymous,EN,0.8999999761581421,1,3,,,,,,,,,,,,,,,,,,,,,,,,,,,,,,,,,,,,,,,,,,1,4,3,2
2022-09-28 17:55:34,2022-09-28 17:58:22,0,19,167,0,2022-10-05 17:58:22,R_3RfT7C5i0bW6GYo,anonymous,EN,0.8999999761581421,1,1,30,35,20,25,10,,,,,,,,,,,,,,,,,,,,,,,,,,,,,,,,,,,,,1,3,2,4
2022-09-28 18:49:42,2022-09-28 18:50:25,8,3,43,0,2022-10-05 18:50:28,R_296spbw7aLIFrbu,anonymous,EN,0.8999999761581421,1,,,,,,,,,,,,,,,,,,,,,,,,,,,,,,,,,,,,,,,,,,,,,,
2022-09-28 14:21:32,2022-09-28 19:43:19,0,11,19306,0,2022-10-05 19:43:23,R_1DGPY1i9B4t9ORb,anonymous,EN,1,1,,,,,,,,,,,,,,,,,,,,,,,,,,,2,,,,,,,,,,,,,,,,4,3,2,1
2022-09-28 14:23:35,2022-09-28 20:35:26,0,56,22310,0,2022-10-05 20:35:30,R_BEXxcaSWb2oelnb,anonymous,EN,1,1,3,10,10,10,10,,,,,,10,10,10,10,1,1,3,1,20,20,20,20,2,5,5,5,1,1,1,10,,,,,,,,,,,,,4,1,3,2
2022-09-28 13:08:36,2022-09-28 21:58:55,0,67,31819,0,2022-10-05 21:59:00,R_29iycYRobAl75to,anonymous,EN,1,1,2,10,10,10,20,50,1,5,5,1,10,10,10,20,1,2,2,2,30,30,20,20,1,2,4,4,2,2,1,100,,,,,,,,,,,,,2,3,1,4
2022-09-28 13:32:56,2022-09-28 22:20:07,0,8,31630,0,2022-10-05 22:20:13,R_3OiZxInMiPohkrZ,anonymous,EN,1,1,,,,,,,,,,,,,,,,,,,,,,,,,,,,,,,,,,,,,,,,,,,1,2,4,3
2022-09-28 22:16:52,2022-09-28 22:29:58,0,56,786,0,2022-10-05 22:30:04,R_qFnIucR4qu469PP,anonymous,EN,0.8999999761581421,1,3,10,10,15,15,10,1,2,1,1,10,10,15,15,,,,2,10,10,15,15,1,1,1,1,3,2,2,4.00,,,,,,,,,,,,,2,4,3,1
2022-09-28 23:55:37,2022-09-29 06:12:32,0,81,22614,0,2022-10-06 06:12:33,R_2B8OL8hkMTpe96S,anonymous,EN,0.8999999761581421,1,2,0,10,0,20,15,1,3,5,1,10,10,20,20,1,2,2,1,20,20,20,20,1,2,4,4,3,2,2,30,1,4,3,4,4,,,,,,,,2,4,1,3
2022-09-29 08:49:04,2022-09-29 09:16:03,0,97,1619,0,2022-10-06 09:32:15,R_2tzIxHiUneoXd7J,anonymous,EN,0.8999999761581421,1,3,0,0,0,0,20,3,4,2,2,10,10,20,20,3,1,1,3,10,10,20,20,2,2,3,2,3,1,1,10,2,3,2,4,4,2,30,6,24,66,7,,3,1,4,2
2022-09-29 10:11:19,2022-09-29 10:21:19,0,33,599,0,2022-10-06 10:21:23,R_3JmN3BuPepRHs53,anonymous,EN,0.8999999761581421,1,,,,,,,,,,,,,,,,,,1,20,20,20,20,1,5,2,4,1,2,1,10,,,,,,,,,,,,,4,3,2,1
2022-09-27 18:58:50,2022-09-29 11:04:08,0,22,144317,0,2022-10-06 11:04:08,R_T7qzeUSLB3fTkvn,anonymous,EN,1,1,2,,,,,,,,,,,,,,,,,,,,,,,,,,2,1,1,50,,,,,,,,,,,,,2,4,3,1
2022-09-29 14:39:38,2022-09-29 14:40:28,0,3,49,0,2022-10-06 14:40:30,R_scYoPlHgxUqqz3H,anonymous,EN,1,1,,,,,,,,,,,,,,,,,,,,,,,,,,,,,,,,,,,,,,,,,,,,,,
2022-09-29 13:11:59,2022-09-29 16:56:50,0,67,13491,0,2022-10-06 16:56:53,R_eVQ7xQdvI4XlDfX,anonymous,EN,1,1,3,0.00,15,0.00,30,10,1,5,4,2,0.00,15,0.00,30,3,2,3,3,20,20,20,20,2,5,4,4,3,2,3,10,,,,,,,,,,,,,1,2,4,3
2022-09-29 17:08:36,2022-09-29 17:10:05,8,8,88,0,2022-10-06 17:10:06,R_3qCicYFvvgMKlDS,anonymous,EN,1,1,,,,,,,,,,,,,,,,,,,,,,,,,,,,,,,,,,,,,,,,,,,2,1,4,3
2022-09-29 18:56:36,2022-09-29 19:20:47,0,67,1451,0,2022-10-06 19:20:48,R_1hSzuPEv8a8vSXI,anonymous,EN,1,1,3,10,10,20,20,20,5,5,1,2,10,10,20,20,3,2,2,2,20,20,20,20,1,5,5,1,2,2,2,20,,,,,,,,,,,,,3,1,2,4
2022-09-29 20:50:21,2022-09-29 20:52:09,0,14,107,0,2022-10-06 20:52:13,R_3iWQ0l4KqNOA1oJ,anonymous,EN,1,1,,,,,,,,,,,10,10,20,20,,,,,,,,,,,,,,,,,,,,,,,,,,,,,4,1,2,3
2022-09-29 20:58:05,2022-09-29 21:05:40,0,39,455,0,2022-10-06 21:05:44,R_3QY8Jt4AFD0YMZ0,anonymous,EN,1,1,,,,,,,,,,,10,20,20,30,1,1,3,2,10,20,20,30,2,5,5,5,2,,,,,,,,,,,,,,,,4,2,1,3
2022-10-06 21:38:58,2022-10-06 21:59:38,0,100,1239,1,2022-10-06 21:59:38,R_2y3kKvlyOivJG5C,anonymous,EN,0.8999999761581421,1,2,10,10,20,20,10,3,3,5,2,10,10,20,20,3,1,2,2,10,10,20,20,2,3,3,5,2,1,2,10,4,4,3,4,4,2,52,7,29,66,26,1,1,2,4,3
2022-09-29 23:19:12,2022-09-29 23:21:24,0,17,131,0,2022-10-06 23:21:27,R_1gHGuYo8sAQQgMe,anonymous,EN,0.8999999761581421,1,,,,,,,,,,,,,,,,,,,,,,,,,,,2,1,2,,,,,,,,,,,,,,2,3,4,1
2022-09-29 23:42:54,2022-09-29 23:57:36,0,33,881,0,2022-10-06 23:57:40,R_ZesdltZ9euL4exX,anonymous,EN,0.8999999761581421,1,,,,,,,,,,,,,,,,,,2,10,20,20,20,2,3,3,1,2,1,3,10,,,,,,,,,,,,,3,4,1,2
2022-09-27 21:08:08,2022-09-30 05:49:28,0,19,204080,0,2022-10-07 05:49:37,R_2uyeb5fIcNnRVed,anonymous,EN,0.8999999761581421,1,,,,,,,,,,,20,20,20,20,1,1,,,,,,,,,,,,,,,,,,,,,,,,,,,2,1,3,4
2022-09-30 10:23:27,2022-09-30 10:34:33,0,33,666,0,2022-10-07 10:34:41,R_263I1OLTfPRjuAB,anonymous,EN,1,1,1,0,10,0,20,20,,,,,0,10,0,20,2,1,2,,,,,,,,,,,,,,,,,,,,,,,,,,2,1,4,3
2022-09-30 10:26:48,2022-09-30 10:35:25,0,22,517,0,2022-10-07 10:35:26,R_3haSXzZrYl7DoKv,anonymous,EN,1,1,,,,,,,,,,,,,,,,,,3,,,,,,,,,2,1,1,20,,,,,,,,,,,,,3,4,2,1
2022-09-30 11:07:42,2022-09-30 11:18:29,0,39,646,0,2022-10-07 11:32:39,R_2Sq2tPvHIBDwITD,anonymous,EN,1,1,3,10,10,20,20,5,1,4,5,2,,,,,,,,1,10,10,20,20,2,2,2,2,,,,,,,,,,,,,,,,,1,3,2,4
2022-09-30 10:45:27,2022-09-30 11:42:54,0,11,3446,0,2022-10-07 11:45:57,R_1DORz5RnGqFOmkC,anonymous,EN,1,1,,,,,,,,,,,,,,,,,,2,,,,,,,,,,,,,,,,,,,,,,,,,3,2,1,4
2022-09-30 13:37:19,2022-09-30 14:09:21,0,64,1921,0,2022-10-07 14:09:29,R_1mO5gVTmPW0hoPi,anonymous,EN,0.8999999761581421,1,1,0,10,0,20,20,1,4,5,2,0,10,20,20,1,2,2,2,0,10,20,20,2,3,5,1,1,2,1,10,,,,,,,,,,,,,4,1,2,3
2022-09-30 13:19:25,2022-09-30 14:47:51,0,28,5305,0,2022-10-07 14:47:54,R_1oHcOYw4L1Y9ImA,anonymous,EN,0.30000001192092896,1,,,,,,,,,,,10,10.5,10,10.5,2,,,,,,,,,,,,3,1,3,5.00,,,,,,,,,,,,,3,2,4,1
2022-09-30 14:45:49,2022-09-30 15:12:38,0,33,1609,0,2022-10-07 15:12:44,R_WjtiQqBjm1PZf4B,anonymous,EN,0.8999999761581421,1,2,10,10,20,20,5,1,5,5,2,,,,,,,,,,,,,,,,,3,1,1,,,,,,,,,,,,,,1,4,3,2
2022-09-29 22:47:58,2022-09-30 15:28:40,0,17,60042,0,2022-10-07 15:28:45,R_20T0MdHWveN4jEy,anonymous,EN,1,1,2,10,15,25,30,,,,,,,,,,,,,,,,,,,,,,,,,,,,,,,,,,,,,,1,3,4,2
2022-09-30 19:56:09,2022-09-30 20:10:57,0,67,887,0,2022-10-07 20:18:56,R_3PdkqmWBN0YuEEC,anonymous,EN,1,1,2,10,15,25,30,15,1,4,5,1,15,20,25,30,2,2,1,2,25,30,30,40,2,5,1,1,3,1,1,10,,,,,,,,,,,,,2,4,3,1
2022-09-30 19:56:52,2022-09-30 19:57:27,0,3,34,0,2022-10-07 20:44:00,R_1jqg2Dcm4XUu91x,anonymous,EN,1,1,,,,,,,,,,,,,,,,,,,,,,,,,,,,,,,,,,,,,,,,,,,,,,
2022-10-01 08:38:23,2022-10-01 08:38:41,0,8,18,0,2022-10-08 08:38:49,R_1N84szAQckyeA6c,anonymous,EN,1,1,,,,,,,,,,,,,,,,,,,,,,,,,,,,,,,,,,,,,,,,,,,2,1,4,3
2022-10-01 10:28:34,2022-10-01 10:45:27,0,19,1012,0,2022-10-08 10:45:36,R_2tfoETvGp23EWOX,anonymous,EN,0.8999999761581421,1,3,10,10,20,20,30,,,,,,,,,,,,,,,,,,,,,,,,,,,,,,,,,,,,,1,2,4,3
2022-10-01 15:44:43,2022-10-01 15:52:06,0,25,442,0,2022-10-08 15:52:10,R_2uwUzFZT2BwaFdz,anonymous,EN,0.8999999761581421,1,2,,,,,,,,,,10,10,20,20,2,1,2,,,,,,,,,,,,,,,,,,,,,,,,,,2,1,4,3
2022-10-08 16:10:23,2022-10-08 16:36:34,0,100,1571,1,2022-10-08 16:36:35,R_3lS0zRskNidbGkL,anonymous,EN,0.800000011920929,1,3,0,0,0,0,20,1,5,5,1,10,10,20,20,3,2,1,2,20,20,20,20,1,2,5,5,3,1,1,6,1,3,2,4,5,1,36,5,22,66,26,1,2,1,4,3
2022-09-30 09:28:43,2022-10-01 21:45:50,0,44,130627,0,2022-10-08 21:45:54,R_1IaxY4br38SISkT,anonymous,EN,1,1,1,10,10,20,20,20,,,,,,,,,,,,1,10,10,20,20,2,5,5,1,2,1,2,20,,,,,,,,,,,,,3,4,1,2
2022-10-02 15:22:42,2022-10-02 15:23:56,0,11,73,0,2022-10-09 15:23:57,R_3Opo1M18clUFKhI,anonymous,EN,1,1,3,,,,,,,,,,,,,,,,,,,,,,,,,,,,,,,,,,,,,,,,,,1,2,3,4
2022-10-09 21:10:20,2022-10-09 22:15:22,0,100,3902,1,2022-10-09 22:15:23,R_3L6duqJN3TNda8M,anonymous,EN,1,1,3,0,0,0,0,5,4,4,2,2,11,11,22,22,3,2,2,2,22,22,22,22,2,4,4,2,1,2,2,5,1,3,2,1,5,1,30,5,19,66,7,1,4,1,3,2
2022-09-28 10:45:13,2022-10-03 00:12:53,0,8,394059,0,2022-10-10 00:13:02,R_2c2EHYJFUY6c2yR,anonymous,EN,1,1,,,,,,,,,,,,,,,,,,,,,,,,,,,,,,,,,,,,,,,,,,,1,2,4,3
2022-10-03 07:58:45,2022-10-03 07:59:34,0,8,49,0,2022-10-10 07:59:35,R_Wep9FhUufd41dgl,anonymous,EN,0.800000011920929,1,,,,,,,,,,,,,,,,,,,,,,,,,,,,,,,,,,,,,,,,,,,1,2,4,3
2022-10-03 11:03:16,2022-10-03 11:22:40,0,44,1163,0,2022-10-10 11:22:41,R_3k5P8Da5yVeqYz7,anonymous,EN,0.8999999761581421,1,3,10,10,20,20,20,,,,,,,,,,,,3,10,10,20,20,2,3,3,3,3,1,1,20.00,,,,,,,,,,,,,3,4,2,1
2022-10-03 12:35:43,2022-10-03 12:36:19,0,8,35,0,2022-10-10 13:02:09,R_3oYHLW8BuZUEJNT,anonymous,EN,0.8999999761581421,1,,,,,,,,,,,,,,,,,,,,,,,,,,,,,,,,,,,,,,,,,,,2,1,3,4
2022-10-03 13:03:01,2022-10-03 13:18:56,0,50,954,0,2022-10-10 13:30:30,R_Rht6A3d3j5xaXxT,anonymous,EN,1,1,2,15,20,15,18,100,3,1,2,,12,15,15,18,1,1,3,1,25,30,15,18,1,5,1,3,,,,,,,,,,,,,,,,,3,1,2,4
2022-10-03 15:13:09,2022-10-03 15:28:25,0,56,916,0,2022-10-10 15:28:28,R_3ESaqQ7EZ11jRCb,anonymous,EN,,1,1,10,10,10,10,,,,,,10,10,20,20,2,1,1,2,20,20,20,20,2,3,3,3,2,1,1,20,,,,,,,,,,,,,4,1,2,3
2022-10-03 11:59:25,2022-10-03 15:44:08,0,8,13483,0,2022-10-10 15:44:09,R_12m49PTP0Oy5FlR,anonymous,EN,0.8999999761581421,1,,,,,,,,,,,,,,,,,,,,,,,,,,,,,,,,,,,,,,,,,,,3,1,2,4
2022-10-10 16:45:36,2022-10-10 17:14:01,0,100,1705,1,2022-10-10 17:14:01,R_C3wJT83b9YLBeOB,anonymous,EN,1,1,3,0,10,0,20,40,5,3,2,2,10,15,20,25,3,1,3,2,10,15,20,25,2,1,5,1,3,1,1,10,1,2,3,2,3,2,44,6,18,66,7,1,1,3,4,2
2022-10-10 16:56:24,2022-10-10 17:19:03,0,100,1358,1,2022-10-10 17:19:04,R_3hG9hKoXcXI6Unl,anonymous,EN,1,1,3,5,10,15,20,10,4,1,4,2,10,10,20,20,3,1,3,2,10,15,20,25,2,1,3,2,2,1,2,10,1,3,3,4,4,1,47,6,19,66,7,1,3,4,2,1
2022-10-10 23:22:35,2022-10-10 23:43:29,0,100,1254,1,2022-10-10 23:43:31,R_1FRhqXVoqw3LUlX,anonymous,EN,1,1,3,10,10,20,20,30,1,5,5,1,10,10,20,20,3,1,1,3,10,10,20,20,2,1,5,5,3,1,1,10,1,3,2,3,5,2,45,4,18,66,26,1,1,2,3,4
2022-10-10 23:57:43,2022-10-11 00:36:41,0,100,2338,1,2022-10-11 00:36:41,R_1lftGCTCWrFJsOW,anonymous,EN,,1,1,0,10,0,20,20,1,5,5,2,10,10,10,20,1,2,2,2,10,20,20,20,2,5,2,2,2,1,2,8,1,3,2,2,5,2,31,4,19,66,26,1,4,2,3,1
2022-10-11 00:37:13,2022-10-11 00:51:25,0,100,852,1,2022-10-11 00:51:27,R_umhuXJ0MNDKxbO1,anonymous,EN,0.8999999761581421,1,3,10,10,10,10,20,3,3,3,2,10,10,10,10,3,1,1,3,20,20,20,20,2,3,3,3,3,1,1,20,1,3,2,2,4,2,47,6,25,66,7,1,2,1,3,4
2022-10-11 07:13:02,2022-10-11 07:49:08,0,100,2166,1,2022-10-11 07:49:10,R_3VOtr9rXC8qnREl,anonymous,EN,1,1,2,0,10,0,20,10,2,4,2,2,0,10,0,20,3,1,2,2,10,10,10,10,2,4,2,2,1,1,2,8,1,3,3,4,5,1,31,3,23,66,26,1,1,3,4,2
2022-10-11 13:18:47,2022-10-11 14:07:04,0,100,2897,1,2022-10-11 14:07:04,R_2EhOpme4o7tQxh3,anonymous,EN,0.8999999761581421,1,3,0,15,0,25,15,1,5,5,1,10,15,20,25,1,1,2,1,20,25,20,25,1,1,5,5,2,2,1,10,1,3,1,1,4,1,36,6,19,66,7,1,4,3,1,2
2022-10-11 11:54:10,2022-10-11 14:29:10,0,100,9299,1,2022-10-11 14:29:10,R_2xE1zxOxsjXYlyX,anonymous,EN,0.8999999761581421,1,3,10,20,20,40,100,1,5,4,1,10,20,20,40,2,1,3,2,10,20,20,40,1,4,4,1,2,1,3,15,1,2,2,1,5,1,31,2,22,66,7,1,2,3,4,1
2022-10-11 15:35:59,2022-10-11 16:10:59,0,100,2099,1,2022-10-11 16:10:59,R_3I6OpDbIZBHR06b,anonymous,EN,0.8999999761581421,1,1,10,10,20,20,30,1,5,5,2,10,10,20,20,2,1,2,1,20,20,20,20,2,1,5,5,2,1,2,15,1,3,2,4,5,1,33,3,19,66,7,1,4,1,2,3
2022-10-11 14:13:00,2022-10-11 23:59:33,0,100,35192,1,2022-10-11 23:59:33,R_O0YIDdHW9QM5b33,anonymous,EN,1,1,1,10,20,10,30,40,2,4,2,2,10,20,20,30,1,1,2,2,20,25,20,25,2,2,4,1,2,2,2,15,1,3,2,4,3,1,40,6,18,66,7,1,4,3,1,2
2022-10-05 10:07:15,2022-10-05 10:07:36,0,3,20,0,2022-10-12 10:07:40,R_qPcrKThvhlFSfWV,anonymous,EN,0.8999999761581421,1,,,,,,,,,,,,,,,,,,,,,,,,,,,,,,,,,,,,,,,,,,,,,,
2022-10-12 23:59:55,2022-10-13 00:23:39,0,100,1423,1,2022-10-13 00:23:39,R_XHO51wDxh5CRV7j,anonymous,EN,0.8999999761581421,1,2,15,20,25,30,50,2,4,2,1,10,15,20,25,3,2,2,2,30,35,25,30,2,5,1,3,1,2,1,7,1,3,3,1,4,2,24,1,16,66,7,1,1,2,4,3
2022-10-10 18:43:42,2022-10-10 19:05:26,0,67,1304,0,2022-10-17 19:05:28,R_2ZNBIRQ4A1hYFkD,anonymous,EN,1,1,1,0,0,0,0,10,1,5,3,2,10,10,10,10,1,2,2,3,20,20,10,10,2,5,1,3,2,2,1,5,,,,,,,,,,,,,4,3,1,2
2022-10-10 21:21:22,2022-10-10 21:23:01,0,11,99,0,2022-10-17 21:23:05,R_uyVfC6AlmWeOD3r,anonymous,EN,0.8999999761581421,1,,,,,,,,,,,,,,,,,,2,,,,,,,,,,,,,,,,,,,,,,,,,4,2,1,3
2022-10-10 17:33:31,2022-10-10 21:28:14,0,81,14083,0,2022-10-17 21:28:17,R_2v16VH36FvN9Hb4,anonymous,EN,1,1,3,0,10,0,20,10,4,4,1,2,10,12,20,25,2,2,3,2,20,25,20,25,2,1,4,4,3,2,3,10,1,3,3,4,4,,,,,,,,3,1,2,4
2022-10-11 00:04:23,2022-10-11 00:11:04,0,19,400,0,2022-10-18 00:11:08,R_6QEtOHgf56lAzrX,anonymous,EN,1,1,3,20,40,40,60,10,,,,,,,,,,,,,,,,,,,,,,,,,,,,,,,,,,,,,1,3,4,2
2022-10-11 11:43:57,2022-10-11 11:47:24,0,8,206,0,2022-10-18 11:47:30,R_xubFff2NODku7Rv,anonymous,EN,1,1,,,,,,,,,,,,,,,,,,,,,,,,,,,,,,,,,,,,,,,,,,,2,1,3,4
2022-10-11 14:18:48,2022-10-11 14:33:13,0,50,864,0,2022-10-18 14:33:16,R_2yjFWZ5JuBdV26h,anonymous,EN,0.8999999761581421,1,1,10,10,20,20,20,4,4,1,1,,,,,,,,2,10,10,20,20,1,4,4,1,2,1,3,20,,,,,,,,,,,,,3,4,1,2
2022-10-19 08:02:49,2022-10-19 08:21:50,0,100,1140,1,2022-10-19 08:21:51,R_3fraqFAgf4IGR2m,anonymous,EN,0.8999999761581421,1,1,0,10,0,20,10,1,5,2,1,10,20,20,20,1,1,2,2,10,20,20,20,1,1,5,2,2,1,2,10,1,3,3,1,4,1,50,6,22,66,26,1,4,2,1,3
2022-10-12 23:29:15,2022-10-12 23:29:32,0,3,16,0,2022-10-19 23:29:37,R_291gEFRiEwLEC4V,anonymous,EN,0.8999999761581421,1,,,,,,,,,,,,,,,,,,,,,,,,,,,,,,,,,,,,,,,,,,,,,,
2022-10-11 16:24:39,2022-10-13 11:47:36,0,22,156177,0,2022-10-20 11:47:41,R_2zDbQjCXupiq6TW,anonymous,EN,1,1,,,,,,,,,,,10,15,20,25,1,2,3,,,,,,,,,,,,,,,,,,,,,,,,,,4,1,3,2
2022-10-28 15:04:00,2022-10-28 15:12:22,0,61,501,0,2022-11-02 14:42:57,R_2EafQxOcJvyt36r,anonymous,EN,1,1,3,5,5,5,5,5,3,3,3,2,5,5,5,5,3,2,,2,6,7,6,7,1,3,3,3,1,2,1,70,,,,,,,,,,,,,3,4,2,1
