StartDate,EndDate,Status,Progress,Duration (in seconds),Finished,RecordedDate,ResponseId,DistributionChannel,UserLanguage,Q_RecaptchaScore,Consent,MrAB1,Game1_1_1,Game1_1_2,Game1_2_1,Game1_2_2,Drink1,Gym1 _1,Gym1 _2,Gym1 _3,Jacket1,Game2_1_1,Game2_1_2,Game2_2_1,Game2_2_2,MrAB2,"Play2 ","Plane2 ",MrAB3,Game3_1 _1,Game3_1 _2,Game3_2_1,Game3_2_2,Jacket2,Gym2 _1,Gym2 _2,Gym2 _3,"MrAB4 ","Play1 ","Plane1 ",Drink2,fin_lit1,fin_lit2,fin_lit3,fin_lit4,Att_check,Gender,"Age ",Income,Education,Residence,Native language,Debriefing,FL_5_DO_FL_14,FL_5_DO_FL_15,FL_5_DO_FL_16,FL_5_DO_FL_17
Start Date,End Date,Response Type,Progress,Duration (in seconds),Finished,Recorded Date,Response ID,Distribution Channel,User Language,Q_RecaptchaScore,"Dear Participant,



We invite you to take part in an online study with the purpose of investigating how people make decisions. The duration of the questionnaire is approximately 10 minutes. At the end of the questionnaire, you will be asked some personal demographic information.



Your data will be analyzed anonymously and processed according to the current international legislation for the protection of privacy (D. Lgs 196/2003 and EU GDPR 679/2016 on the protection of personal data and art. 9 of the Deontological Code of Italian Psychologists). Your data will be used solely for the purposes of the research itself. No information regarding you personally will be published or revealed in any way.



You are free to withdraw from the study at any point without giving any explanation. In this case your data will be deleted. You will not receive any payment or reimbursement of any sort for your participation in this study. There are no known risks associated with participating in this study.



Project Manager: Enrico Rubaltelli (Department of Development Psychology and Socialization -DPSS, University of Padua). The person responsible for this research agrees to comply with the obligations of current legislation in terms of collection, processing and storage of sensitive data.



I DECLARE THAT

• I am 18 years old or older

• I take part in this project voluntarily

• I am aware of the objectives and aims of this research project

• I am aware that the data obtained, in absolute anonymity, will be treated exclusively for educational and research purposes

• I am aware that it is not possible to withdraw the data I have provided once it has been submitted.



For any clarification you can contact Prof. Enrico Rubaltelli at jdmlab.multicountry@gmail.com.","Person A was given two tickets to the lucky draw. They won 160,000 Tomans with one ticket and 80,000 Tomans with the other ticket.  



Person B was given a ticket to one lucky draw. They won 240,000 Tomans.  


 

Who is happier?","You are going to a sold-out game of your favorite local sports team and you have an extra ticket. The price marked on the ticket is 15,000 Tomans but this ticket has been offered to you by a friend for free.   



You want to get rid of the extra ticket and you know the ticket’s face value price is 15,000 Tomans. You find someone who wants the ticket. There is no law against charging more than the price marked on the ticket.



What price do you ask for selling the extra ticket if the person you sell it to... ? - Is a friend","You are going to a sold-out game of your favorite local sports team and you have an extra ticket. The price marked on the ticket is 15,000 Tomans but this ticket has been offered to you by a friend for free.   



You want to get rid of the extra ticket and you know the ticket’s face value price is 15,000 Tomans. You find someone who wants the ticket. There is no law against charging more than the price marked on the ticket.



What price do you ask for selling the extra ticket if the person you sell it to... ? - Is a stranger","What price would you have asked for if you found out that the ticket’s face value price was 30,000 Tomans instead? - If they are a friend","What price would you have asked for if you found out that the ticket’s face value price was 30,000 Tomans instead? - If they are a stranger","You are on the beach on a hot day, and you would really like a cold drink. A friend offers to go buy the drink from a fancy resort hotel. They ask how much you are willing to pay for the drink: they will only buy it if it costs as much or less than the price you state. You trust your friend, and there is no possibility of bargaining with the bartender.



What price do you tell them?","Imagine that you go to the gym on a regular basis. Due to your busy working schedule, you can only go on Monday nights. The membership to the gym allows you to pay 30,000 Tomans (non-refundable) per session. One Monday, just after you have paid and changed into your gym clothes, you receive a phone call that requires you to leave and forgo your exercise that evening.

How well does
each of the following statements capture your feelings about the cost of the missed
workout? - I feel like I wasted 30,000 Tomans","Imagine that you go to the gym on a regular basis. Due to your busy working schedule, you can only go on Monday nights. The membership to the gym allows you to pay 30,000 Tomans (non-refundable) per session. One Monday, just after you have paid and changed into your gym clothes, you receive a phone call that requires you to leave and forgo your exercise that evening.

How well does
each of the following statements capture your feelings about the cost of the missed
workout? - I feel like I wasted nothing, since my visit had already been paid for","Imagine that you go to the gym on a regular basis. Due to your busy working schedule, you can only go on Monday nights. The membership to the gym allows you to pay 30,000 Tomans (non-refundable) per session. One Monday, just after you have paid and changed into your gym clothes, you receive a phone call that requires you to leave and forgo your exercise that evening.

How well does
each of the following statements capture your feelings about the cost of the missed
workout? - I feel like I wasted something, but no specific amount or measure comes to mind","You are about to purchase a jacket for 490,000 Tomans and a Bluetooth speaker for 60,000 Tomans. The salesman informs you that the speaker you wish to buy is on sale for 40,000 Tomans at the other branch store, located 20 minutes away.



Would you make the trip to the other store?","Imagine you are going to a sold-out game of your favorite local sports team, and you have an extra ticket. The price marked on the ticket is 15,000 Tomans which is what you paid for each ticket.



You want to get rid of the extra ticket and you know the ticket's face value price is 15,000 Tomans. You find someone who wants the ticket. There is no law against charging more than the price marked on the ticket.


What price do you ask for selling the extra ticket if the person you sell it to...? - Is a friend","Imagine you are going to a sold-out game of your favorite local sports team, and you have an extra ticket. The price marked on the ticket is 15,000 Tomans which is what you paid for each ticket.



You want to get rid of the extra ticket and you know the ticket's face value price is 15,000 Tomans. You find someone who wants the ticket. There is no law against charging more than the price marked on the ticket.


What price do you ask for selling the extra ticket if the person you sell it to...? - Is a stranger","What price would you have asked for if you found out that the ticket’s face value price was 30,000 Tomans instead? - If they are a friend","What price would you have asked for if you found out that the ticket’s face value price was 30,000 Tomans instead? - If they are a stranger","Person A received a fine and owed 320,000 Tomans. The same day they received a second fine and owed 160,000 Tomans.



Person B received a fine and owed 480,000 Tomans.

Who is more upset?","Imagine that you are on your way to a music event and intend to buy a ticket worth 160,000 Tomans. On entering the venue, you realize that you have lost 160,000 Tomans in cash.


Would you still pay 160,000 Tomans for a ticket?","You are travelling with a friend who has upgraded their bus ticket to VIP class and has two coupons, each worth 50,000 Tomans, which could be used to upgrade your ticket from regular to VIP class. They purchased one coupon for the standard price of 50,000 Tomans and received the other one for free. Just one coupon is required to upgrade your ticket on the current bus and your friend offers you the coupon which they got for free so that you can upgrade your ticket as well.



What do you think is the most appropriate thing to do?","Person A bought a lucky draw ticket and won 315,000 Tomans. Also, they damaged one door in their apartment in an accident and had to pay the landlord 250,000 Tomans.  

 

Person B bought a lucky draw ticket and won 65,000 Tomans.  

 

Who is happier?","You are going to a sold-out game of your favorite local sports team and you have an extra ticket. The ticket’s face value price is 15,000 Tomans but you paid 30,000 Tomans for each ticket when you bought them from another person.



You want to get rid of the extra ticket and you know the ticket’s face value price is 15,000 Tomans. You find someone who wants the ticket. There is no law against charging more than the price marked on the ticket.



What price do you ask for selling the extra ticket if the person you sell it to...? - Is a friend","You are going to a sold-out game of your favorite local sports team and you have an extra ticket. The ticket’s face value price is 15,000 Tomans but you paid 30,000 Tomans for each ticket when you bought them from another person.



You want to get rid of the extra ticket and you know the ticket’s face value price is 15,000 Tomans. You find someone who wants the ticket. There is no law against charging more than the price marked on the ticket.



What price do you ask for selling the extra ticket if the person you sell it to...? - Is a stranger","What price would you have asked for if you found out that the ticket’s face value price was 30,000 Tomans instead? - If they are a friend","What price would you have asked for if you found out that the ticket’s face value price was 30,000 Tomans instead? - If they are a stranger","You are about to purchase a jacket for 60,000 Tomans and a Bluetooth speaker for 490,000 Tomans. The salesman informs you that the speaker you wish to buy is on sale for 470,000 Tomans at the other branch store, located 20 minutes away.



Would you make the trip to the other store?","Imagine that you go to the gym on a regular basis. Due to your busy working schedule, you can only go on Monday nights. The membership costs you 1,550,000 Tomans a year (i.e., roughly 30,000 Tomans per visit). One Monday, just after you have arrived and changed into your gym clothes, you receive a phone call that requires you to leave and forgo your exercise that evening.



How well does
each of the following statements capture your feelings about the cost of the missed
workout? - I feel like I wasted 30,000 Tomans","Imagine that you go to the gym on a regular basis. Due to your busy working schedule, you can only go on Monday nights. The membership costs you 1,550,000 Tomans a year (i.e., roughly 30,000 Tomans per visit). One Monday, just after you have arrived and changed into your gym clothes, you receive a phone call that requires you to leave and forgo your exercise that evening.



How well does
each of the following statements capture your feelings about the cost of the missed
workout? - I feel like I wasted nothing, since my visit had already been paid for","Imagine that you go to the gym on a regular basis. Due to your busy working schedule, you can only go on Monday nights. The membership costs you 1,550,000 Tomans a year (i.e., roughly 30,000 Tomans per visit). One Monday, just after you have arrived and changed into your gym clothes, you receive a phone call that requires you to leave and forgo your exercise that evening.



How well does
each of the following statements capture your feelings about the cost of the missed
workout? - I feel like I wasted something, but no specific amount or measure comes to mind","Person A damaged their car in a parking lot. They had to spend 630,000 Tomans to repair the damage. The same day they damaged the car they won 80,000 Tomans in a raffle.  

 

Person B damaged their car in a parking lot. They had to spend 550,000 Tomans to repair the damage.  

 

Who is more upset?","Imagine that you are on your way to a music event with a ticket for which you have paid 160,000 Tomans. On entering the venue, you discover that you have lost the ticket.



Would you pay 160,000 Tomans for another ticket?","You are travelling with a friend who has upgraded their bus ticket to VIP class and has two coupons, each worth 50,000 Tomans, which could be used to upgrade your ticket from regular to VIP class. They purchased one coupon for the standard price of 50,000 Tomans and received the other one for free. Just one coupon is required to upgrade your ticket on the current bus and your friend offers you the coupon which he purchased so that you can upgrade your ticket as well.

What do you think is the most appropriate thing to do?","You are on the beach on a hot day, and you would really like a cold drink. A friend offers to go buy the drink from a small, run-down grocery store. They ask how much you are willing to pay for the drink: they will only buy it if it costs as much or less than the price you state. You trust your friend, and there is no possibility of bargaining with the store owner.



What price do you tell them?","Suppose that you have 100,000 Tomans in a savings account and the interest rate is 2% per year. After 5 years, how much do you think you would have in the account if you let the money grow?","Imagine that the interest rate on your savings account was 1% per year and inflation was 2% per year. After 1 year,
how much would you be able to buy with the money in this account?",Buying a single company's stock usually provides a safer return than a stock mutual fund.,"If interest rates rise, what would typically happen to bond prices?","To ensure the quality of our data we need to know if participants paid attention during the survey. Please tell us honestly how serious you were in completing the survey.


How serious have you been about filling in the survey?",What gender do you identify as?,What is your age (in numbers)?,Which of the following best describes your monthly household income?,How many years of schooling have you completed? (from elementary school to doctoral degree or specialization if you have one),List of Countries,Which of the following is your native language?,"The survey you have completed aims to replicate the mental accounting effect. According to this phenomenon a person attributes different values to the same amount of money based on subjective criteria. Specifically, people tend to subjectively organize economic resources into different mental accounts. In addition, in this study, we measured some individual differences that might have an influence on mental accounting. In particular:   	
 	
 
●	Scale to measure financial literacy (Lusardi and Mitchell, 2014).  	 	 	
 ●	Demographic data (e.g. gender, age or income level)	

 
Finally, we inform you that we have also used an attentional check to measure respondent engagement. The purpose of this study could not be fully revealed at the beginning of the study to avoid influencing your answers. Now that you have received this information, we ask you to confirm your consent to participate in this study or to withdraw it. In the latter case your data will not be used and will be deleted.",FL_5 - Block Randomizer - Display Order - FL_14,FL_5 - Block Randomizer - Display Order - FL_15,FL_5 - Block Randomizer - Display Order - FL_16,FL_5 - Block Randomizer - Display Order - FL_17
"{""ImportId"":""startDate"",""timeZone"":""Europe/Berlin""}","{""ImportId"":""endDate"",""timeZone"":""Europe/Berlin""}","{""ImportId"":""status""}","{""ImportId"":""progress""}","{""ImportId"":""duration""}","{""ImportId"":""finished""}","{""ImportId"":""recordedDate"",""timeZone"":""Europe/Berlin""}","{""ImportId"":""_recordId""}","{""ImportId"":""distributionChannel""}","{""ImportId"":""userLanguage""}","{""ImportId"":""Q_RecaptchaScore""}","{""ImportId"":""QID1""}","{""ImportId"":""QID8""}","{""ImportId"":""QID14_1""}","{""ImportId"":""QID14_2""}","{""ImportId"":""QID15_1""}","{""ImportId"":""QID15_2""}","{""ImportId"":""QID23_TEXT""}","{""ImportId"":""QID44_1""}","{""ImportId"":""QID44_2""}","{""ImportId"":""QID44_3""}","{""ImportId"":""QID34""}","{""ImportId"":""QID17_1""}","{""ImportId"":""QID17_2""}","{""ImportId"":""QID18_1""}","{""ImportId"":""QID18_2""}","{""ImportId"":""QID12""}","{""ImportId"":""QID78""}","{""ImportId"":""QID86""}","{""ImportId"":""QID10""}","{""ImportId"":""QID20_1""}","{""ImportId"":""QID20_2""}","{""ImportId"":""QID21_1""}","{""ImportId"":""QID21_2""}","{""ImportId"":""QID74""}","{""ImportId"":""QID82_1""}","{""ImportId"":""QID82_2""}","{""ImportId"":""QID82_3""}","{""ImportId"":""QID11""}","{""ImportId"":""QID40""}","{""ImportId"":""QID48""}","{""ImportId"":""QID70_TEXT""}","{""ImportId"":""QID59""}","{""ImportId"":""QID60""}","{""ImportId"":""QID61""}","{""ImportId"":""QID62""}","{""ImportId"":""QID51""}","{""ImportId"":""QID52""}","{""ImportId"":""QID53_TEXT""}","{""ImportId"":""QID54""}","{""ImportId"":""QID55_TEXT""}","{""ImportId"":""QID114""}","{""ImportId"":""QID57""}","{""ImportId"":""QID63""}","{""ImportId"":""FL_5_DO"",""choiceId"":""FL_14""}","{""ImportId"":""FL_5_DO"",""choiceId"":""FL_15""}","{""ImportId"":""FL_5_DO"",""choiceId"":""FL_16""}","{""ImportId"":""FL_5_DO"",""choiceId"":""FL_17""}"
2022-09-13 13:18:50,2022-09-13 13:50:38,0,100,1908,1,2022-09-13 13:50:38,R_ulYBlU8qWVVXI77,anonymous,FA,1,1,3,0,15000,15000,30000,25000,1,5,5,1,15000,15000,30000,30000,1,1,3,3,15000,30000,30000,30000,2,1,4,2,1,1,1,25000,1,3,3,1,4,1,23,6,17,80,15,1,2,3,1,4
2022-09-15 10:47:26,2022-09-15 11:01:48,0,100,861,1,2022-09-15 11:01:49,R_2TuZ86fddbo77c7,anonymous,FA,0.8999999761581421,1,1,15000,20000,30000,35000,20000,2,4,4,1,15000,20000,30000,35000,1,1,2,2,15000,15000,30000,30000,1,3,3,4,2,1,1,15000,1,3,2,4,4,1,21,6,15,80,24,1,2,3,1,4
2022-09-15 11:10:21,2022-09-15 11:20:15,0,100,594,1,2022-09-15 11:20:15,R_vIWMxpZpctLkW1H,anonymous,FA,0.8999999761581421,1,1,10000,15000,10000,30000,30000,4,2,3,2,0,0,0,0,1,1,2,2,5000,15000,10000,30000,2,4,4,3,1,1,2,15000,1,3,3,4,3,1,24,6,17,80,15,1,1,4,3,2
2022-09-15 11:12:01,2022-09-15 11:27:24,0,100,922,1,2022-09-15 11:27:24,R_3kBNx3u7vxB0qCi,anonymous,FA,0.8999999761581421,1,1,15,20,30,40,30000,1,5,5,2,15,20,30,40,1,2,1,2,15,30,30,40,2,2,5,5,2,2,1,15000,1,3,3,1,5,2,29,6,18,80,15,1,4,1,3,2
2022-09-15 11:09:10,2022-09-15 11:34:30,0,100,1519,1,2022-09-15 11:34:30,R_3fGLQdeIkztjutI,anonymous,FA,1,1,2,0,15000,0,30000,15000,1,4,3,2,0,0,0,0,1,2,1,2,15000,15000,30000,30000,1,1,4,3,2,2,1,7000,1,3,3,4,2,2,25,6,18,80,15,1,4,1,2,3
2022-09-15 11:26:35,2022-09-15 11:41:08,0,100,873,1,2022-09-15 11:41:09,R_3P4VgP1MmI37Imy,anonymous,FA,1,1,2,15,15,15,15,20000,2,4,4,1,0,0,0,0,1,1,2,2,15,15,15,15,1,4,2,4,1,1,2,20000,1,3,1,4,3,1,17,6,11,80,15,1,1,4,2,3
2022-09-15 11:35:40,2022-09-15 11:46:26,0,100,645,1,2022-09-15 11:46:26,R_2CwSCMSWkHFKqpX,anonymous,FA,0.8999999761581421,1,1,15000,30000,30000,40000,20000,3,3,2,2,0,15000,0,30000,1,1,3,2,30000,30000,30000,30000,2,5,1,5,2,2,3,10000,1,3,2,4,4,2,22,6,16,80,15,1,1,2,4,3
2022-09-15 11:42:15,2022-09-15 11:54:04,0,100,708,1,2022-09-15 11:54:04,R_3rCCfB3KNdFiNtn,anonymous,FA,1,1,1,15000,30000,25000,50000,50000,1,4,4,2,20000,30000,40000,60000,1,1,2,2,40000,80000,40000,80000,2,2,4,2,1,1,1,40000,1,3,2,4,4,1,25,6,18,80,15,1,4,2,3,1
2022-09-15 11:53:27,2022-09-15 12:07:05,0,100,817,1,2022-09-15 12:07:05,R_1GEo0vekgoDnUey,anonymous,FA,0.8999999761581421,1,1,0,5000,0,10000,50000,4,3,3,2,0,5000,0,10000,1,2,3,2,0,15000,0,30000,2,4,3,3,3,2,1,15000,1,3,2,4,4,1,36,1,18,80,15,1,2,1,4,3
2022-09-15 12:08:27,2022-09-15 12:22:19,0,100,831,1,2022-09-15 12:22:19,R_AzawwMvlzlY5BrH,anonymous,FA,0.8999999761581421,1,1,0,15,0,30,8,1,5,2,2,0,15,0,30,1,1,1,2,15,30,30,30,2,1,5,2,1,1,1,4,4,4,3,4,5,2,21,6,16,80,15,1,4,1,2,3
2022-09-15 12:11:36,2022-09-15 12:27:15,0,100,939,1,2022-09-15 12:27:15,R_Rhqc81PX60YBhUl,anonymous,FA,1,1,2,0,0,0,30,50,4,2,4,1,0,0,0,30,2,1,2,1,30,30,30,30,2,4,1,4,1,2,2,20,1,3,2,1,4,2,21,6,15,80,15,1,2,1,3,4
2022-09-15 12:46:03,2022-09-15 12:58:03,0,100,719,1,2022-09-15 12:58:03,R_3oMdjRTW8971FCn,anonymous,FA,0.8999999761581421,1,3,0,0,0,0,50,4,1,5,1,0,15,0,30,2,1,2,2,15,15,15,15,1,4,1,3,1,2,1,30,3,3,2,2,4,2,22,6,18,80,15,1,3,1,4,2
2022-09-15 13:01:10,2022-09-15 13:13:43,0,100,752,1,2022-09-15 13:13:43,R_1d9QySmfnKcl7Hp,anonymous,FA,0.8999999761581421,1,1,0,5000,0,10000,25000,2,4,2,2,0,5000,0,10000,1,1,3,1,24000,30000,30000,30000,1,3,2,3,2,2,3,15000,1,3,2,4,3,1,22,7,15,80,15,1,3,4,2,1
2022-09-15 13:00:35,2022-09-15 13:22:05,0,100,1289,1,2022-09-15 13:22:07,R_2zo2LR86HU8vgox,anonymous,FA,1,1,1,15000,25000,30000,45000,15000,4,2,4,1,15000,25000,30000,45000,1,1,2,2,30000,40000,40000,50000,2,4,2,4,1,1,1,10000,1,3,3,1,4,1,23,7,17,80,15,1,3,4,2,1
2022-09-15 13:58:44,2022-09-15 14:23:33,0,100,1489,1,2022-09-15 14:23:34,R_r6mgTaxQzXIGNwJ,anonymous,FA,0.8999999761581421,1,3,0,15,0,30,100000,2,4,4,1,0,0,0,0,3,1,2,1,15000,30000,0,30000,1,2,4,5,2,1,1,30000,1,3,3,1,4,2,26,6,17,80,15,1,2,1,3,4
2022-09-15 15:01:07,2022-09-15 15:14:59,0,100,831,1,2022-09-15 15:14:59,R_UAMJfgJnXviL1Lj,anonymous,FA,1,1,1,15,15,30,30,30,3,5,4,2,15,15,30,30,1,1,2,2,15,30,30,30,2,2,5,3,3,1,2,10,1,3,3,4,5,2,22,6,16,80,15,1,1,4,3,2
2022-09-15 15:00:13,2022-09-15 15:16:00,0,100,946,1,2022-09-15 15:16:00,R_OoHRkYil8h6NvjP,anonymous,FA,0.699999988079071,1,2,0,15000,0,30000,15000,1,5,5,2,15000,15000,30000,30000,3,1,1,2,30000,30000,30000,30000,2,5,1,3,2,1,1,15000,1,3,3,4,5,1,31,6,18,80,15,1,4,1,3,2
2022-09-15 15:06:15,2022-09-15 15:21:51,0,100,936,1,2022-09-15 15:21:52,R_1Nfu7PdPBUBhuz7,anonymous,FA,1,1,2,15,15,30,30,10000,1,4,3,1,15,15,30,30,2,2,3,2,30,30,30,30,1,1,3,3,1,2,1,10000,1,3,3,4,5,1,30,3,15,188,15,1,2,1,3,4
2022-09-15 15:14:43,2022-09-15 15:29:02,0,100,859,1,2022-09-15 15:29:03,R_ApJ3FNpgV6wujHX,anonymous,FA,0.8999999761581421,1,1,15,15,15,15,70,2,3,4,1,15,15,15,15,1,1,2,2,30,40,30,40,2,4,3,4,2,1,2,30,1,3,3,1,3,2,23,6,17,80,15,1,2,3,1,4
2022-09-15 15:31:46,2022-09-15 15:42:26,0,100,640,1,2022-09-15 15:42:26,R_2EHuW8kNgPm6Bw7,anonymous,FA,1,1,1,5000,10000,15000,25000,10000,1,5,3,2,0,10000,0,20000,1,1,2,2,10000,15000,20000,30000,2,2,2,2,2,2,2,5000,1,3,3,4,3,2,22,6,15,80,15,1,2,3,4,1
2022-09-15 16:49:27,2022-09-15 17:06:30,0,100,1022,1,2022-09-15 17:06:30,R_2rjUPWC5Bq42dzb,anonymous,FA,0.8999999761581421,1,2,0,45,0,90,30,1,4,4,1,0,30,0,60,1,2,3,2,30,60,30,60,2,1,4,4,2,1,3,30,1,3,3,1,5,2,20,6,14,80,15,1,3,1,4,2
2022-09-15 22:37:35,2022-09-15 22:50:25,0,100,769,1,2022-09-15 22:50:26,R_3KqngsLTa2ptAQQ,anonymous,FA,0.8999999761581421,1,3,0,15000,30000,0,30000,5,2,3,2,0,15000,0,30000,3,1,2,2,0,30000,0,30000,2,3,3,2,3,1,1,20000,1,3,3,4,3,1,33,2,26,80,15,1,1,3,4,2
2022-09-16 00:54:49,2022-09-16 01:05:20,0,100,631,1,2022-09-16 01:05:21,R_27vxjUfVLrbFTsh,anonymous,FA,1,1,2,0,15,0,30,20,1,4,1,1,0,15,0,30,1,1,3,2,30,50,30,60,2,2,4,1,2,2,3,15,1,3,3,4,4,1,25,6,18,80,15,1,3,4,1,2
2022-09-16 09:15:27,2022-09-16 09:38:20,0,100,1373,1,2022-09-16 09:38:21,R_3ER09F1U9a4qLQF,anonymous,FA,0.699999988079071,1,1,0,0,0,0,50,1,5,4,1,10,10,20,20,1,2,3,2,15,15,30,30,2,2,5,4,2,2,3,20,1,3,1,1,5,2,33,5,19,80,15,1,2,3,1,4
2022-09-16 09:23:33,2022-09-16 09:49:13,0,100,1540,1,2022-09-16 09:49:14,R_uh1muzdDfMP42lj,anonymous,FA,0.8999999761581421,1,2,10000,20000,25000,40000,15000,1,5,3,2,7500,1000,20000,25000,3,1,3,2,30000,35000,30000,35000,2,1,4,3,3,1,1,1000,1,3,3,2,4,1,36,6,22,65,15,1,1,2,3,4
2022-09-16 09:49:14,2022-09-16 10:02:36,0,100,801,1,2022-09-16 10:02:36,R_1gkA3m9WLOzZ9RP,anonymous,FA,0.8999999761581421,1,1,15,15,30,30,15,3,3,2,2,15,15,30,30,1,1,3,2,15,15,30,30,2,3,3,2,2,1,3,15,1,3,1,1,4,1,24,6,17,80,15,1,2,3,1,4
2022-09-16 09:47:35,2022-09-16 10:03:39,0,100,964,1,2022-09-16 10:03:40,R_2sYXvZOG03I2t9A,anonymous,FA,0.699999988079071,1,3,0,15000,0,30000,50000,4,2,1,2,0,15000,0,30000,1,1,3,2,15000,30000,30000,30000,2,5,2,1,2,1,3,50000,1,3,3,1,3,1,41,6,20,80,15,1,2,3,1,4
2022-09-16 10:46:53,2022-09-16 11:13:18,0,100,1585,1,2022-09-16 11:13:19,R_8A4co2yN1Veim0V,anonymous,FA,0.8999999761581421,1,3,0,15,0,30,80,1,3,1,1,0,15,0,30,1,1,3,2,0,15,0,30,1,4,2,3,2,1,3,15,1,3,2,4,5,2,28,7,20,80,15,1,1,2,3,4
2022-09-16 13:08:34,2022-09-16 13:36:23,0,100,1669,1,2022-09-16 13:36:24,R_3MbPqbJnQ1yowN0,anonymous,FA,1,1,1,15,15,30,30,10000,5,5,5,2,15000,15000,30000,30000,3,2,2,2,30,30,30,30,2,1,1,5,2,2,2,10000,1,3,2,4,5,1,65,4,24,80,24,1,1,4,2,3
2022-09-16 16:38:27,2022-09-16 17:04:23,0,100,1555,1,2022-09-16 17:04:23,R_2COocsSkPvA3f1V,anonymous,FA,1,1,3,15,15,30,30,100,4,3,2,2,0,0,0,0,3,1,2,2,15,15,30,30,2,4,3,2,2,1,1,50,1,4,3,1,4,2,32,5,20,80,15,1,4,2,1,3
2022-09-16 16:50:58,2022-09-16 17:13:44,0,100,1366,1,2022-09-16 17:13:44,R_2ANlrwzYjeEyaaH,anonymous,FA,0.4000000059604645,1,3,15000,15000,30000,30000,50000,1,5,3,1,0,15000,0,30000,3,1,3,1,30000,30000,30000,30000,2,3,2,1,2,1,3,30000,1,3,2,4,4,2,38,6,16,80,15,1,1,3,4,2
2022-09-16 16:41:28,2022-09-16 17:38:00,0,100,3392,1,2022-09-16 17:38:00,R_3EmSxp6HxfaxdAt,anonymous,FA,0.699999988079071,1,1,0,15000,0,30000,10000,1,3,5,2,0,15000,0,30000,1,1,2,2,0,15000,0,30000,2,1,3,1,2,1,2,10,4,4,3,4,5,1,29,6,19,80,15,1,2,1,3,4
2022-09-16 18:21:41,2022-09-16 18:50:36,0,100,1734,1,2022-09-16 18:50:36,R_PStbLlkq32jqpOx,anonymous,FA,0.8999999761581421,1,3,15,15,30,30,0,5,5,1,2,15,15,30,30,1,1,3,3,15,30,30,30,2,5,5,1,3,1,1,0,2,3,3,4,3,2,72,7,16,187,15,1,4,1,3,2
2022-09-16 18:36:53,2022-09-16 18:53:57,0,100,1023,1,2022-09-16 18:53:57,R_2PBtAjvVROSaxLk,anonymous,FA,1,1,1,15,15,30,30,15,2,5,1,1,30,30,30,30,1,2,2,1,15,30,30,30,1,3,5,1,2,2,1,15,2,3,3,4,5,2,34,3,18,80,15,1,3,2,1,4
2022-09-16 19:09:04,2022-09-16 19:27:12,0,100,1087,1,2022-09-16 19:27:12,R_9TbJ07IUhwblGLL,anonymous,FA,0.6000000238418579,1,1,0,0,0,0,2000,1,5,5,2,0,0,0,0,1,2,1,3,30000,30000,30000,30000,2,1,5,5,2,1,1,1000,1,3,3,4,5,2,52,7,19,187,15,1,1,4,2,3
2022-09-16 18:53:34,2022-09-16 19:30:06,0,100,2191,1,2022-09-16 19:30:06,R_3FXs27NzokYi9Yh,anonymous,FA,0.8999999761581421,1,2,0,15000,15000,30000,15000,1,5,1,2,0,15000,15000,30000,2,2,3,2,15000,30000,30000,30000,2,1,5,5,2,2,3,5000,1,3,3,1,5,1,75,6,22,80,15,1,2,1,4,3
2022-09-16 19:07:20,2022-09-16 19:40:29,0,100,1988,1,2022-09-16 19:40:29,R_rjQDBVMTpSP7olj,anonymous,FA,0.8999999761581421,1,1,0,0,0,0,50000,1,5,1,2,0,0,0,0,1,1,3,2,30000,30000,30000,30000,1,5,5,1,2,1,3,50000,4,3,3,4,4,2,44,7,17,80,24,1,1,4,3,2
2022-09-16 19:50:00,2022-09-16 20:04:44,0,100,884,1,2022-09-16 20:04:45,R_2Vfix66I52ZU3Eg,anonymous,FA,1,1,1,0,0,0,0,0,5,1,1,2,00,00,00,00,1,1,2,2,000,000,000,000,2,5,1,1,2,1,2,0000,1,3,2,1,5,1,38,7,16,10,15,1,1,2,3,4
2022-09-16 20:58:26,2022-09-16 21:13:00,0,100,873,1,2022-09-16 21:13:01,R_1gTQFB1O8zfazYK,anonymous,FA,1,1,1,15,15,30,30,30,1,5,3,2,15,15,30,30,1,1,2,2,15,30,30,30,2,1,5,3,2,1,2,30,3,3,1,4,5,1,38,6,25,80,15,1,2,3,1,4
2022-09-16 21:18:53,2022-09-16 21:32:59,0,100,846,1,2022-09-16 21:32:59,R_3hH2xwnXnbG10dC,anonymous,FA,0.699999988079071,1,1,0,15000,0,30000,50000,5,5,5,2,0,15000,0,30000,1,1,1,2,0,30000,0,30000,2,5,5,5,2,2,1,50000,1,3,2,3,4,1,43,6,14,80,26,1,2,4,1,3
2022-09-16 21:26:18,2022-09-16 21:41:04,0,100,885,1,2022-09-16 21:41:04,R_2QLPqPFJTU8fcz3,anonymous,FA,1,1,3,0,15000,0,30000,50000,3,5,1,2,0,15000,0,30000,3,1,3,3,15000,30000,30000,30000,2,4,5,1,3,1,1,25000,1,3,3,1,4,1,37,6,20,80,15,1,3,4,2,1
2022-09-16 21:28:07,2022-09-16 21:42:10,0,100,843,1,2022-09-16 21:42:11,R_1IT2kpr62zrEbgM,anonymous,FA,0.6000000238418579,1,3,10000,10000,20000,20000,5000,1,1,1,1,10000,10000,20000,20000,1,2,3,3,10000,10000,20000,20000,1,1,5,1,1,2,3,2000,1,2,2,4,3,1,40,7,16,185,15,1,1,3,4,2
2022-09-16 21:08:39,2022-09-16 22:17:10,0,100,4111,1,2022-09-16 22:17:11,R_3nVI3CRyOqV6FJd,anonymous,FA,1,1,2,15000,15000,30000,30000,5,1,2,2,1,15000,15000,30000,30000,1,2,3,2,15000,30000,30000,30000,1,1,5,2,1,2,2,5,3,2,3,4,5,2,45,7,16,185,15,1,3,4,1,2
2022-09-16 22:05:21,2022-09-16 22:37:49,0,100,1948,1,2022-09-16 22:37:50,R_Ptkw4tJzhLTA3hD,anonymous,FA,1,1,1,0,15000,0,30000,10000,3,3,3,1,0,15000,0,15000,1,1,2,2,30000,30000,30000,30000,2,4,2,2,2,1,3,5000,4,3,3,1,3,2,44,2,16,65,15,1,2,4,3,1
2022-09-16 16:00:18,2022-09-16 23:54:32,0,100,28453,1,2022-09-16 23:54:32,R_2dAAR5TvtoHp3TN,anonymous,FA,0.8999999761581421,1,2,15,15,15,15,120,5,1,5,2,15,15,15,15,2,1,2,2,15,15,15,15,2,5,1,5,3,1,2,100,3,3,3,4,5,2,54,3,12,185,15,1,3,2,4,1
2022-09-17 09:19:32,2022-09-17 09:32:41,0,100,789,1,2022-09-17 09:32:42,R_AAKLz0lkY7Z9mDf,anonymous,FA,0.8999999761581421,1,1,0,15000,0,30000,50000,1,5,5,2,0,15000,0,30000,2,1,3,1,30000,30000,30000,30000,2,3,4,1,2,1,3,25000,1,3,3,4,5,2,36,4,20,80,15,1,4,3,2,1
2022-09-17 10:45:26,2022-09-17 10:56:36,0,100,670,1,2022-09-17 10:56:36,R_3GCH3RSyUvT6amx,anonymous,FA,1,1,1,00,15000,00,30000,100,1,5,3,1,00,15000,00,30000,1,1,3,2,00,15000,00,3000,1,1,5,3,2,1,3,100,1,1,2,4,3,1,40,6,24,187,15,1,3,1,4,2
2022-09-17 20:43:44,2022-09-17 21:03:54,0,100,1210,1,2022-09-17 21:03:55,R_TuSjvNcvgkkHTA5,anonymous,FA,0.8999999761581421,1,3,0,15000,0,15000,1000000,1,5,5,1,0,15000,0,30000,1,2,2,2,10000,15000,20000,30000,1,1,5,5,1,1,2,100000,1,3,2,1,4,1,27,6,19,80,15,1,4,3,2,1
2022-09-17 20:58:48,2022-09-17 21:15:30,0,100,1002,1,2022-09-17 21:15:31,R_WCXf0rbSfVvt9E5,anonymous,FA,1,1,2,15000,20000,30000,40000,20000,1,5,3,2,15000,15000,30000,30000,1,1,2,2,20000,30000,30000,30000,2,3,5,2,2,1,3,15000,1,3,1,3,4,2,20,6,14,80,15,1,1,4,2,3
2022-09-16 12:10:39,2022-09-18 20:39:41,0,100,203341,1,2022-09-18 20:39:41,R_RP2xnLHxmepID61,anonymous,FA,1,1,2,3,8,8,8,7,2,4,4,2,15,15,3,3,3,2,2,2,8,8,8,8,2,1,3,3,2,2,2,8,4,4,3,4,1,1,22,6,2,87,19,2,2,1,4,3
2022-09-18 20:39:51,2022-09-18 20:48:26,0,100,514,1,2022-09-18 20:48:26,R_yKg4shL66pdazcJ,anonymous,FA,1,1,1,0,15,20,30,30,1,5,5,1,0,15,15,30,1,1,3,2,15,30,30,30,2,2,2,2,2,1,1,30000,1,3,2,1,5,1,21,6,15,80,15,1,3,2,4,1
2022-09-21 11:11:04,2022-09-21 11:26:11,0,100,906,1,2022-09-21 11:26:11,R_2UhcCLXBUrBFkHb,anonymous,FA,1,1,1,10000,15000,20000,30000,50000,1,4,3,1,10000,20000,20000,30000,2,1,3,2,30000,30000,30000,30000,2,3,2,2,2,1,2,50000,1,3,3,4,4,2,28,6,21,65,15,1,3,2,4,1
2022-09-21 11:12:13,2022-09-21 11:26:44,0,100,871,1,2022-09-21 11:26:44,R_3Rj2UlhcJnpuIs9,anonymous,FA,1,1,1,0,15,0,30,50,2,4,1,1,0,15,0,30,1,1,3,2,15,30,30,30,1,2,4,1,2,2,3,10,1,4,2,4,5,2,29,6,20,65,15,1,4,1,2,3
2022-09-21 11:43:01,2022-09-21 12:02:17,0,100,1156,1,2022-09-21 12:02:18,R_1FCG7wjubxSHVod,anonymous,FA,0.8999999761581421,1,1,0,0,0,0,10,3,4,1,2,0,0,0,0,1,1,1,2,0,0,0,0,2,3,3,1,2,1,1,10,1,3,1,4,5,2,54,6,18,80,15,1,2,1,4,3
2022-09-21 11:37:17,2022-09-21 12:38:40,0,100,3682,1,2022-09-21 12:38:40,R_738kpHeaLQLr68x,anonymous,FA,1,1,1,15000,20000,30000,35000,50000,5,5,5,2,15000,20000,30000,35000,2,1,1,2,15000,20000,30000,35000,2,5,1,5,2,1,1,50000,1,2,1,1,3,2,33,5,14,80,15,1,4,1,2,3
2022-09-21 11:55:39,2022-09-21 13:59:56,0,100,7457,1,2022-09-21 13:59:56,R_1mEIgpSpzzilGLU,anonymous,FA,1,1,2,0,0,0,0,20000,5,1,5,2,0,0,0,0,1,1,3,2,15000,15000,30000,30000,2,5,1,5,2,1,3,20000,1,3,1,2,4,2,30,7,18,184,15,1,4,2,1,3
2022-09-21 14:02:08,2022-09-21 14:20:55,0,100,1127,1,2022-09-21 14:20:56,R_2uNG7B6f90MYHUb,anonymous,FA,1,1,3,15000,30000,30000,60000,50000,1,5,5,1,15000,30000,30000,60000,1,2,2,3,15000,30000,30000,60000,1,1,5,5,1,2,2,10000,4,3,2,1,4,1,30,4,۱۷,80,15,1,1,2,4,3
2022-09-21 14:25:07,2022-09-21 14:42:24,0,100,1036,1,2022-09-21 14:42:25,R_3dvkpYUZHJEiqqZ,anonymous,FA,0.8999999761581421,1,3,۱۵,۱۵,۳۰,۳۰,۸۰,1,3,1,1,۱۵,۱۵,۳۰,۳۰,3,1,2,2,۳۰,۳۰,۳۰,۳۰,1,1,3,2,3,1,2,۸۰,1,3,3,4,3,2,۴۰,3,۱۶,80,15,1,3,1,2,4
2022-09-21 14:29:33,2022-09-21 14:50:24,0,100,1251,1,2022-09-21 14:50:24,R_1PUCIN0EIOlaL2m,anonymous,FA,1,1,1,0,0,0,0,1000,5,1,5,2,0,0,0,0,1,1,1,2,0,0,0,0,2,5,1,5,2,1,1,10,1,3,2,3,3,1,42,7,18,185,15,1,4,1,3,2
2022-09-14 15:08:52,2022-09-14 15:11:39,0,8,167,0,2022-09-21 15:11:39,R_1JQ3U4xV5WfbC6b,anonymous,FA,1,1,,,,,,,,,,,,,,,,,,,,,,,,,,,,,,,,,,,,,,,,,,,3,2,4,1
2022-09-21 15:20:48,2022-09-21 15:39:42,0,100,1134,1,2022-09-21 15:39:42,R_tKfV1Akt1rHR841,anonymous,FA,0.8999999761581421,1,3,15000,15000,30000,30000,15000,1,5,3,2,15000,15000,30000,30000,1,2,2,2,15000,30000,30000,30000,2,5,3,3,3,2,2,15000,4,3,2,4,4,1,24,7,18,80,15,1,3,4,2,1
2022-09-21 15:37:30,2022-09-21 15:53:02,0,100,931,1,2022-09-21 15:53:04,R_Zs0AVJjdH90Ztsd,anonymous,FA,0.8999999761581421,1,1,0,15000,0,30000,15000,2,4,2,1,0,15000,0,30000,1,2,2,2,30000,30000,30000,30000,2,3,4,2,3,2,1,5000,1,3,3,4,3,1,39,7,22,185,15,1,4,3,1,2
2022-09-21 19:28:31,2022-09-21 19:46:48,0,100,1096,1,2022-09-21 19:46:48,R_O8SO0JX7MYlXur7,anonymous,FA,0.800000011920929,1,3,0,0,0,0,20,3,4,3,1,0,0,0,0,1,1,2,3,0,15,0,0,1,3,4,3,2,1,1,20,1,3,3,4,5,4,20,7,14,80,15,1,1,4,2,3
2022-09-21 19:59:27,2022-09-21 20:08:11,0,100,524,1,2022-09-21 20:08:11,R_vNC8qoxWDUJxenL,anonymous,FA,0.800000011920929,1,2,15000,15000,30000,30000,10000,1,5,5,2,0,0,0,0,3,1,2,2,30000,30000,30000,30000,2,3,5,2,3,2,1,10000,1,3,3,4,5,1,27,6,18,80,15,1,1,4,2,3
2022-09-21 20:12:17,2022-09-21 20:30:40,0,100,1103,1,2022-09-21 20:30:41,R_1hR7TsEpdZUxZny,anonymous,FA,0.8999999761581421,1,3,0,15000,0,30000,15000,2,4,5,1,15000,25000,30000,50000,2,1,2,2,30000,60000,30000,90000,1,2,4,5,2,1,1,15000,1,3,2,4,5,1,28,4,20,80,15,1,3,1,4,2
2022-09-21 20:38:46,2022-09-21 21:02:46,0,100,1439,1,2022-09-21 21:02:47,R_3lKYIgbT3yGQoP1,anonymous,FA,1,1,1,15000,17000,30000,34000,17000,2,5,4,1,15000,17000,30000,34000,1,2,3,1,30000,35000,30000,32000,1,2,5,4,2,2,3,15000,1,3,2,1,3,1,32,5,21,80,15,1,3,4,1,2
2022-09-21 21:05:58,2022-09-21 21:38:32,0,100,1954,1,2022-09-21 21:38:32,R_6fJAOQrZevvIJJT,anonymous,FA,0.8999999761581421,1,3,0,0,0,0,15000,1,5,5,1,0,0,0,0,3,2,1,2,30000,30000,30000,30000,1,1,5,5,3,2,1,15000,4,4,1,4,4,2,35,7,16,48,15,1,2,3,1,4
2022-09-21 21:26:04,2022-09-21 21:40:16,0,100,851,1,2022-09-21 21:40:16,R_3D0lDiLYun22qKs,anonymous,FA,1,1,3,0,0,0,0,5,1,5,3,1,0,0,0,0,3,1,3,2,15,15,30,30,1,3,3,3,3,2,3,5,1,3,3,4,3,2,37,7,۲۴,185,15,1,2,3,1,4
2022-09-21 22:23:04,2022-09-21 22:34:39,0,100,694,1,2022-09-21 22:34:40,R_VQdXUJYC1Ogrclj,anonymous,FA,1,1,1,15000,15000,30000,30000,10000,1,5,1,2,0,15000,0,30000,1,1,2,1,15000,30000,300000,30000,2,1,5,1,2,1,2,5000,1,3,3,4,4,2,45,7,۲۰,185,15,1,3,2,1,4
2022-09-15 08:33:40,2022-09-15 08:38:48,0,36,308,0,2022-09-22 08:38:49,R_1kYvFzP3SaRrNhd,anonymous,FA,0.8999999761581421,1,1,10,12,20,25,25000,2,5,2,2,,,,,,,,2,15000,15000,25000,30000,2,,,,,,,,,,,,,,,,,,,,1,4,2,3
2022-09-22 08:50:51,2022-09-22 09:04:55,0,100,843,1,2022-09-22 09:04:55,R_9X48a52JDinqzq9,anonymous,FA,0.8999999761581421,1,3,15000,15000,30000,30000,15000,4,2,2,1,15000,15000,30000,30000,3,2,1,2,30000,30000,30000,30000,1,3,4,2,3,2,1,10000,1,3,2,1,5,1,22,6,16,80,15,1,3,4,1,2
2022-09-15 08:57:27,2022-09-15 09:11:54,0,47,867,0,2022-09-22 09:11:57,R_21B354pDTUPrFPS,anonymous,FA,1,1,1,15000,15000,30000,30000,20000,,,,,15000,15000,30000,30000,1,1,1,3,15000,15000,30000,30000,2,2,1,3,,,,,,,,,,,,,,,,,3,1,2,4
2022-09-15 10:22:49,2022-09-15 10:34:47,0,50,717,0,2022-09-22 10:34:50,R_1DGcmaPEixfBdi3,anonymous,FA,1,1,2,,,,,,,,,,15,15,30,30,1,1,2,1,15,15,30,30,1,2,5,2,2,1,2,15000,,,,,,,,,,,,,4,1,2,3
2022-09-15 11:09:39,2022-09-15 11:14:27,0,25,288,0,2022-09-22 11:14:30,R_rewNs6YvaUvCxlD,anonymous,FA,0.8999999761581421,1,,,,,,,,,,,0,15,0,30,2,2,2,2,,,,,,,,,,,,,,,,,,,,,,,,,3,1,2,4
2022-09-15 11:09:16,2022-09-15 11:14:38,0,25,322,0,2022-09-22 11:30:24,R_2ducmBnmxLihWHL,anonymous,FA,1,1,2,,,,,,,,,,,,,,,,,2,22500,30000,30000,30000,2,1,5,2,,,,,,,,,,,,,,,,,2,3,1,4
2022-09-22 10:10:56,2022-09-22 11:32:38,0,100,4902,1,2022-09-22 11:32:38,R_21t7boVQee5N1LE,anonymous,FA,0.8999999761581421,1,3,15000,20000,30000,35000,10000,1,3,1,1,15000,20000,30000,40000,3,1,3,2,30000,40000,30000,40000,1,1,3,1,2,2,3,5000,1,3,3,4,5,2,45,3,16,80,15,1,2,4,3,1
2022-09-15 11:42:47,2022-09-15 11:44:13,0,11,86,0,2022-09-22 11:44:19,R_3nitlCBQhufMlpv,anonymous,FA,0.699999988079071,1,1,,,,,,,,,,,,,,,,,,,,,,,,,,,,,,,,,,,,,,,,,,1,3,2,4
2022-09-15 11:51:19,2022-09-15 11:52:08,0,8,48,0,2022-09-22 12:07:33,R_1MQJLp64lWOAhjv,anonymous,FA,0.8999999761581421,1,,,,,,,,,,,,,,,,,,,,,,,,,,,,,,,,,,,,,,,,,,,4,1,2,3
2022-09-15 12:37:58,2022-09-15 12:39:38,0,17,100,0,2022-09-22 12:52:23,R_2ye0G5EKvlrBIMm,anonymous,FA,1,1,,,,,,,,,,,,,,,,,,,,,,,,,,,2,1,2,,,,,,,,,,,,,,3,4,2,1
2022-09-15 12:57:42,2022-09-15 13:06:50,0,50,547,0,2022-09-22 13:06:51,R_1F5tmVKr3PVWWq8,anonymous,FA,1,1,3,,,,,,,,,,15000,30000,30000,60000,1,2,1,1,15000,30000,30000,60000,2,3,5,3,2,2,1,10000,,,,,,,,,,,,,4,2,1,3
2022-09-15 13:00:46,2022-09-15 13:07:16,0,11,390,0,2022-09-22 13:07:17,R_RsQ7W6ssuRRydBT,anonymous,FA,,1,,,,,,,,,,,,,,,,,,2,,,,,,,,,,,,,,,,,,,,,,,,,3,2,1,4
2022-09-15 13:07:54,2022-09-15 13:10:23,0,14,149,0,2022-09-22 13:21:46,R_3hih7xC4lnp4pZk,anonymous,FA,0.8999999761581421,1,,,,,,,,,,,,,,,,,,,,,,,,,,,2,2,,,,,,,,,,,,,,,4,2,3,1
2022-09-15 13:38:46,2022-09-15 13:40:10,0,11,84,0,2022-09-22 13:43:19,R_268VMVjGHdpTB7H,anonymous,FA,0.8999999761581421,1,1,,,,,,,,,,,,,,,,,,,,,,,,,,,,,,,,,,,,,,,,,,1,2,3,4
2022-09-15 15:32:30,2022-09-15 15:37:53,0,36,322,0,2022-09-22 15:37:58,R_1kTAsBVHiDm2XOa,anonymous,FA,1,1,1,15000,30000,30000,100000,60000,1,5,5,2,,,,,,,,,,,,,,,,,2,1,1,20000,,,,,,,,,,,,,1,3,4,2
2022-09-15 16:22:42,2022-09-15 16:23:27,0,8,44,0,2022-09-22 16:23:30,R_1jfwR2SuBY0ohDu,anonymous,FA,0.699999988079071,1,,,,,,,,,,,,,,,,,,,,,,,,,,,,,,,,,,,,,,,,,,,1,3,2,4
2022-09-15 16:33:51,2022-09-15 16:55:53,0,8,1322,0,2022-09-22 16:55:53,R_2wsmE0dyHc7VN6M,anonymous,FA,1,1,,,,,,,,,,,,,,,,,,,,,,,,,,,,,,,,,,,,,,,,,,,2,1,4,3
2022-09-22 17:07:38,2022-09-22 17:30:21,0,100,1363,1,2022-09-22 17:30:22,R_zeTmiYcaWNuifvj,anonymous,FA,1,1,1,0,15000,0,30000,50000,4,3,2,1,0,15000,0,30000,1,2,3,2,30000,30000,30000,30000,1,4,3,2,2,2,3,20000,1,3,1,4,5,2,24,6,18,80,15,1,4,1,2,3
2022-09-16 03:22:16,2022-09-16 03:31:15,0,53,539,0,2022-09-23 03:31:18,R_2fp8TbnoNoJlHFB,anonymous,FA,1,1,1,0,0,0,0,20000,1,5,2,2,0,0,0,0,1,1,2,3,,,,,,,,,1,1,2,10000,,,,,,,,,,,,,3,1,4,2
2022-09-16 08:35:46,2022-09-16 08:46:14,0,36,628,0,2022-09-23 08:46:15,R_tFlEXCNLpJhND57,anonymous,FA,0.8999999761581421,1,1,15,15,30,30,12,1,1,1,1,15,15,30,30,1,1,,,,,,,,,,,,,,,,,,,,,,,,,,,1,2,4,3
2022-09-16 09:31:29,2022-09-16 09:40:30,0,33,541,0,2022-09-23 09:40:31,R_3iK04iUZ3kB7CRr,anonymous,FA,0.8999999761581421,1,,,,,,,,,,,0,15,0,30,1,1,2,1,0,30,0,30,2,,,,,,,,,,,,,,,,,,,,3,1,2,4
2022-09-16 10:04:24,2022-09-16 10:05:20,0,11,55,0,2022-09-23 10:05:22,R_2eXZC0boXhK79b0,anonymous,FA,1,1,1,,,,,,,,,,,,,,,,,,,,,,,,,,,,,,,,,,,,,,,,,,1,2,4,3
2022-09-16 10:12:34,2022-09-16 10:13:28,0,8,54,0,2022-09-23 10:13:38,R_25LBmDbWRWiKLal,anonymous,FA,1,1,,,,,,,,,,,,,,,,,,,,,,,,,,,,,,,,,,,,,,,,,,,3,2,4,1
2022-09-16 09:21:30,2022-09-16 10:21:00,0,39,3569,0,2022-09-23 10:21:01,R_1DG21ZDzLkJ7ASy,anonymous,FA,0.8999999761581421,1,1,0,0,0,0,30000,5,3,2,2,,,,,,,,2,,,,,,,,,1,2,2,15000,,,,,,,,,,,,,1,4,3,2
2022-09-16 11:51:59,2022-09-16 11:52:26,0,11,26,0,2022-09-23 11:52:27,R_3kNxMHflbww2lDE,anonymous,FA,1,1,1,,,,,,,,,,,,,,,,,,,,,,,,,,,,,,,,,,,,,,,,,,1,3,4,2
2022-09-16 12:09:32,2022-09-16 12:12:18,0,67,165,0,2022-09-23 12:14:23,R_WjK2CR5OAXCrkRP,anonymous,FA,0.8999999761581421,1,1,22,22,22,22,1000,1,1,1,1,22,22,22,22,1,1,1,1,22,33,22,33,1,1,1,1,1,1,1,45,,,,,,,,,,,,,3,2,4,1
2022-09-16 12:55:16,2022-09-16 13:04:30,0,17,553,0,2022-09-23 13:04:39,R_3HYO2LlnjJh8Mhz,anonymous,FA,0.8999999761581421,1,,,,,,,,,,,,,,,,,,,,,,,,,,,2,1,3,,,,,,,,,,,,,,3,4,2,1
2022-09-16 17:36:11,2022-09-16 17:38:29,0,17,138,0,2022-09-23 17:38:31,R_AnfKbyYJmAa5vgJ,anonymous,FA,0.699999988079071,1,,,,,,,,,,,,,,,,,,,,,,,,,,,1,1,1,,,,,,,,,,,,,,2,4,3,1
2022-09-23 17:23:58,2022-09-23 17:53:24,0,100,1766,1,2022-09-23 17:53:25,R_BthUUKnPlXYIUAF,anonymous,FA,1,1,1,0,15,0,30,30,1,4,5,1,15,15,15,30,1,1,3,2,15,30,30,30,2,4,4,1,2,1,1,25,1,3,2,1,5,1,34,7,16,80,15,1,4,3,2,1
2022-09-16 18:14:49,2022-09-16 18:29:52,0,50,902,0,2022-09-23 18:29:55,R_3hGQ2kdKnUXxYR1,anonymous,FA,1,1,2,15,100,30,200,20,2,4,1,1,,,,,,,,2,15,60,30,80,1,2,2,1,2,1,2,10,,,,,,,,,,,,,1,4,2,3
2022-09-16 18:42:37,2022-09-16 18:44:38,0,14,120,0,2022-09-23 18:44:39,R_238G1nO0sZhiKZb,anonymous,FA,1,1,,,,,,,,,,,,,,,,,,,,,,,,,,,2,1,,,,,,,,,,,,,,,2,3,4,1
2022-09-16 12:12:46,2022-09-16 21:08:58,0,44,32171,0,2022-09-23 21:08:59,R_3gZZtlkPtwEtVoQ,anonymous,FA,0.8999999761581421,1,1,99,99,99,99,99,1,1,1,1,88,88,88,88,1,2,3,,,,,,,,,,2,2,,,,,,,,,,,,,,,1,2,4,3
2022-09-16 21:33:10,2022-09-16 21:34:33,0,11,83,0,2022-09-23 21:34:42,R_qJAdEnerprgVmmZ,anonymous,FA,1,1,,,,,,,,,,,,,,,,,,3,,,,,,,,,,,,,,,,,,,,,,,,,3,2,1,4
2022-09-16 21:59:39,2022-09-16 22:00:04,8,3,24,0,2022-09-23 22:00:11,R_1mUghv8avvARZRm,anonymous,FA,0.6000000238418579,1,,,,,,,,,,,,,,,,,,,,,,,,,,,,,,,,,,,,,,,,,,,,,,
2022-09-16 21:44:52,2022-09-16 22:12:44,0,11,1671,0,2022-09-23 22:12:48,R_2trM6HGbuNJaHBB,anonymous,FA,1,1,2,,,,,,,,,,,,,,,,,,,,,,,,,,,,,,,,,,,,,,,,,,1,3,2,4
2022-09-16 23:52:51,2022-09-16 23:54:23,0,6,92,0,2022-09-23 23:54:29,R_3JLsqjPJxoYczjP,anonymous,FA,0.8999999761581421,1,,,,,,,,,,,,,,,,,,,,,,,,,,,,,,,,,,,,,,,,,,,,,,
2022-09-17 01:06:19,2022-09-17 01:06:46,0,3,26,0,2022-09-24 01:06:50,R_2UYg4oSTGXPOJeW,anonymous,FA,,1,,,,,,,,,,,,,,,,,,,,,,,,,,,,,,,,,,,,,,,,,,,,,,
2022-09-17 01:16:52,2022-09-17 01:24:46,0,44,474,0,2022-09-24 01:24:49,R_7aIoblGGjsIfC5H,anonymous,EN,1,1,,,,,,,,,,,15000,15000,30000,30000,2,1,,2,30000,30000,30000,30000,1,4,2,4,2,1,1,0,,,,,,,,,,,,,4,3,2,1
2022-09-17 09:05:56,2022-09-17 09:31:08,0,25,1511,0,2022-09-24 09:31:16,R_2B5TPrRI5F2dX0o,anonymous,FA,0.8999999761581421,1,1,,,,,,,,,,15000,15000,30000,30000,1,1,2,,,,,,,,,,,,,,,,,,,,,,,,,,2,1,4,3
2022-09-17 09:29:47,2022-09-17 09:33:39,0,19,231,0,2022-09-24 09:33:41,R_1obwe0Gp2PaiV7z,anonymous,EN,0.8999999761581421,1,3,15000,15000,15000,15000,500000,,,,,,,,,,,,,,,,,,,,,,,,,,,,,,,,,,,,,1,3,4,2
2022-09-17 12:12:56,2022-09-17 12:15:03,0,11,126,0,2022-09-24 12:18:56,R_3ebmayMhe4mKmcb,anonymous,FA,1,1,1,,,,,,,,,,,,,,,,,,,,,,,,,,,,,,,,,,,,,,,,,,1,3,4,2
2022-09-17 12:23:27,2022-09-17 12:32:26,0,47,539,0,2022-09-24 12:32:28,R_3JaBJSbN8JH8zsU,anonymous,EN,0.8999999761581421,1,1,15000,30000,30000,35000,20000,,,,,15000,30000,30000,35000,1,1,1,2,15000,30000,30000,30000,2,5,3,1,,,,,,,,,,,,,,,,,3,2,1,4
2022-09-24 14:53:28,2022-09-24 15:06:52,0,100,803,1,2022-09-24 15:06:52,R_3kh3S1EMXgN0ABj,anonymous,FA,0.8999999761581421,1,1,0,50000,0,80000,20000,2,4,5,1,0,30000,0,80000,1,1,2,1,0,30000,0,80000,1,4,2,5,2,1,2,20000,1,3,3,1,4,1,21,2,15,80,15,1,1,2,4,3
2022-09-17 16:03:44,2022-09-17 16:05:54,0,11,130,0,2022-09-24 16:05:59,R_29giSCUjMxtygBI,anonymous,FA,1,1,1,,,,,,,,,,,,,,,,,,,,,,,,,,,,,,,,,,,,,,,,,,1,3,2,4
2022-09-24 16:51:46,2022-09-24 17:03:04,0,100,677,1,2022-09-24 17:03:05,R_suToCK8pdEJMFQR,anonymous,FA,1,1,3,0,15,0,30,15000,2,4,1,2,0,15000,0,30000,1,1,1,2,0,30000,0,30000,2,2,4,1,3,2,1,10000,4,4,3,4,3,1,23,1,16,80,15,1,1,2,3,4
2022-09-18 10:56:42,2022-09-18 10:57:01,0,8,19,0,2022-09-25 10:57:04,R_27fXxFB6e9rdI8g,anonymous,FA,1,1,,,,,,,,,,,,,,,,,,,,,,,,,,,,,,,,,,,,,,,,,,,2,1,3,4
2022-09-18 12:10:15,2022-09-18 12:24:26,0,58,850,0,2022-09-25 12:24:31,R_3qNVmqim1ACHdaq,anonymous,FA,1,1,3,0,15000,0,30000,5000,,,,,0,15000,0,30000,3,1,2,3,30000,30000,30000,30000,1,3,2,1,2,1,3,5000,,,,,,,,,,,,,4,3,2,1
2022-09-18 12:37:58,2022-09-18 12:38:40,0,6,41,0,2022-09-25 12:38:42,R_27rjF1H8G1zfmtk,anonymous,FA,0.8999999761581421,1,,,,,,,,,,,,,,,,,,,,,,,,,,,,,,,,,,,,,,,,,,,,,,
2022-09-18 21:07:50,2022-09-18 21:11:21,0,14,210,0,2022-09-25 21:11:23,R_3PjH6uehckrslfT,anonymous,FA,0.8999999761581421,1,,,,,,,,,,,,,,,,,,,,,,,,,,,2,1,,,,,,,,,,,,,,,3,4,2,1
2022-09-19 00:25:14,2022-09-19 00:25:51,0,8,36,0,2022-09-26 00:25:53,R_UWLsSnF5fVUza3n,anonymous,FA,0.8999999761581421,1,,,,,,,,,,,,,,,,,,,,,,,,,,,,,,,,,,,,,,,,,,,2,1,3,4
2022-09-26 00:57:13,2022-09-26 01:12:51,0,100,937,1,2022-09-26 01:12:51,R_3nAH6Md6NhLqyaA,anonymous,FA,0.699999988079071,1,1,15000,15000,30000,30000,10000,1,5,5,2,15000,15000,30000,30000,2,1,1,2,15000,15000,30000,30000,2,1,5,5,2,1,1,10000,4,4,3,4,4,2,20,6,12,80,15,1,1,4,2,3
2022-09-19 08:50:02,2022-09-19 08:51:02,0,8,60,0,2022-09-26 08:51:10,R_1jrpclpEzXgmFe3,anonymous,FA,0.8999999761581421,1,,,,,,,,,,,,,,,,,,,,,,,,,,,,,,,,,,,,,,,,,,,3,1,4,2
2022-09-19 09:58:07,2022-09-19 09:59:51,0,11,103,0,2022-09-26 09:59:56,R_3mh4Sk7maHoMbzv,anonymous,FA,1,1,,,,,,,,,,,,,,,,,,3,,,,,,,,,,,,,,,,,,,,,,,,,2,3,1,4
2022-09-19 13:49:51,2022-09-19 15:41:24,0,17,6692,0,2022-09-26 15:41:25,R_1CjAohHwDeaWyVX,anonymous,FA,0.8999999761581421,1,,,,,,,,,,,,,,,,,,,,,,,,,,,1,1,1,,,,,,,,,,,,,,3,2,4,1
2022-09-19 15:42:40,2022-09-19 15:43:52,0,14,72,0,2022-09-26 15:44:00,R_1q8SbvudPxzEsRr,anonymous,FA,0.8999999761581421,1,,,,,,,,,,,۱۲۳۳۳,۱۲۳۴۴۴,۱۲۲۳۳,۱۲۳۳۴,,,,,,,,,,,,,,,,,,,,,,,,,,,,,2,1,4,3
2022-09-26 23:36:03,2022-09-26 23:57:03,0,100,1260,1,2022-09-26 23:57:04,R_UtBQHwzNqdb81jj,anonymous,FA,1,1,1,0,15,0,30,20,3,4,3,2,0,15,0,30,1,1,3,2,30,30,30,30,2,4,4,3,2,1,3,20,1,3,1,1,4,1,24,6,15,80,15,1,3,2,1,4
2022-09-20 10:14:08,2022-09-20 12:22:53,0,50,7724,0,2022-09-27 12:22:55,R_RUixOyacVdkBnH3,anonymous,FA,1,1,1,7500,15000,7500,15000,10000,4,3,1,2,,,,,,,,2,30000,30000,30000,30000,2,4,2,2,1,1,3,10000,,,,,,,,,,,,,3,4,1,2
2022-09-21 11:01:02,2022-09-27 20:05:54,0,100,551091,1,2022-09-27 20:05:56,R_2S7Vw4bf7z4qMLg,anonymous,FA,1,1,1,15,30,25,35,35,1,4,5,1,10,15,20,30,1,1,3,2,15,15,30,30,2,2,3,2,2,1,1,30,1,3,3,4,4,2,33,6,16,80,15,1,2,3,1,4
2022-09-27 20:17:45,2022-09-27 20:25:56,0,100,491,1,2022-09-27 20:25:56,R_1rogppWABlpkzsp,anonymous,FA,1,1,2,15,15,30,35,30,1,4,4,1,15,15,30,30,3,2,2,2,15,35,30,35,2,3,2,2,2,2,1,35,2,3,2,4,4,2,18,6,12,80,15,1,4,3,1,2
2022-09-21 11:39:30,2022-09-21 11:48:42,0,17,551,0,2022-09-28 12:08:51,R_7NGYQoAMX2VW84F,anonymous,FA,1,1,,,,,,,,,,,,,,,,,,2,30,30,30,30,,,,,,,,,,,,,,,,,,,,,4,3,1,2
2022-09-28 12:47:17,2022-09-28 13:27:29,0,100,2412,1,2022-09-28 13:27:30,R_1rdj7abkJ2yd6l7,anonymous,FA,1,1,1,0,10000,0,20000,20000,1,5,2,1,10000,15000,15000,20000,3,1,3,2,30000,30000,30000,30000,1,3,4,1,2,2,1,15000,1,3,3,4,5,1,23,7,16,80,15,1,4,2,1,3
2022-09-21 14:06:03,2022-09-21 14:07:06,0,3,63,0,2022-09-28 14:07:12,R_3iqF6k2ATlxpW0h,anonymous,FA,0.8999999761581421,1,,,,,,,,,,,,,,,,,,,,,,,,,,,,,,,,,,,,,,,,,,,,,,
2022-09-21 14:05:55,2022-09-21 14:09:06,0,11,190,0,2022-09-28 14:09:09,R_3h48Cu3C6uIM4fP,anonymous,FA,0.8999999761581421,1,1,,,,,,,,,,,,,,,,,,,,,,,,,,,,,,,,,,,,,,,,,,1,4,3,2
2022-09-21 14:56:35,2022-09-21 15:12:50,0,50,974,0,2022-09-28 15:12:58,R_1od69F64N72zPC9,anonymous,FA,0.8999999761581421,1,3,30,30,45,45,10,1,5,1,1,,,,,,,,3,30,30,45,45,1,1,5,1,3,2,3,10,,,,,,,,,,,,,1,4,2,3
2022-09-21 14:48:14,2022-09-21 16:13:35,0,61,5121,0,2022-09-28 16:13:38,R_30oeD2fWEdfPsou,anonymous,FA,1,1,3,15,15,30,30,50,1,1,1,,30,30,30,30,3,1,2,2,30,30,30,30,1,5,5,1,3,1,2,50,,,,,,,,,,,,,4,3,1,2
2022-09-21 15:38:59,2022-09-21 16:32:51,0,22,3231,0,2022-09-28 16:32:52,R_2UhLHMI8tDufw6F,anonymous,FA,1,1,,,,,,,,,,,,,,,,,,3,,,,,,,,,3,2,1,10000,,,,,,,,,,,,,3,4,2,1
2022-09-21 20:10:12,2022-09-21 20:17:44,0,31,452,0,2022-09-28 20:17:46,R_0BV2MYfB5JEElIB,anonymous,FA,1,1,,,,,,,,,,,,,,,,,,1,15,15,30,30,1,4,3,3,1,1,3,,,,,,,,,,,,,,4,3,1,2
2022-09-21 21:01:28,2022-09-21 21:03:01,0,11,93,0,2022-09-28 21:03:05,R_1P1xG8Ef5yhhKT4,anonymous,FA,1,1,2,,,,,,,,,,,,,,,,,,,,,,,,,,,,,,,,,,,,,,,,,,1,2,4,3
2022-09-21 23:29:45,2022-09-22 03:24:24,0,8,14079,0,2022-09-29 03:24:25,R_3HoicL9KcUhrbY9,anonymous,FA,0.8999999761581421,1,,,,,,,,,,,,,,,,,,,,,,,,,,,,,,,,,,,,,,,,,,,2,3,1,4
2022-09-29 04:55:30,2022-09-29 05:27:59,0,100,1949,1,2022-09-29 05:28:00,R_3CPji4z6GcARklw,anonymous,FA,1,1,1,15000,15000,30000,30000,20000,4,1,2,2,15000,15000,30000,30000,1,1,1,2,15000,30000,30000,30000,2,5,2,1,2,1,1,15000,1,3,2,1,3,1,53,6,17,80,15,1,1,4,2,3
2022-09-29 06:15:03,2022-09-29 06:28:51,0,100,828,1,2022-09-29 06:28:52,R_yEJFBOQ6CIhGg25,anonymous,FA,1,1,2,15000,15000,15000,25000,12000,3,3,3,2,0,15000,15000,25000,1,2,3,2,15000,25000,15000,30000,2,3,2,3,3,2,3,12000,1,3,3,4,4,1,47,7,16,80,15,1,2,4,1,3
2022-09-29 06:39:19,2022-09-29 06:54:04,0,100,885,1,2022-09-29 06:54:05,R_1d3O3qLVm8rkGdv,anonymous,FA,,1,1,15000,15000,30000,30000,15000,4,3,1,1,15000,15000,30000,30000,1,2,2,2,15000,15000,30000,30000,1,1,3,3,2,2,2,15000,1,3,2,1,4,1,50,6,27,80,15,1,2,3,1,4
2022-09-22 09:37:21,2022-09-22 09:38:55,0,14,94,0,2022-09-29 09:47:48,R_XsJzcuv9alSuKFb,anonymous,FA,1,1,,,,,,,,,,,,,,,,,,,,,,,,,,,2,2,,,,,,,,,,,,,,,3,4,2,1
2022-09-22 13:10:03,2022-09-22 13:33:10,0,50,1387,0,2022-09-29 13:33:13,R_1l5yOUZFjIgPxJh,anonymous,FA,1,1,3,۰,۰,۰,۰,۰,3,1,3,1,۰,۰,۰,۰,3,2,1,3,۰,۰,۰,۰,1,,,,,,,,,,,,,,,,,,,,2,1,3,4
2022-09-29 14:31:02,2022-09-29 14:41:28,0,100,626,1,2022-09-29 14:41:29,R_2AMTjwtC7ANAP8G,anonymous,FA,1,1,3,15,15,30,35,30,1,5,5,2,15,15,30,35,3,2,2,3,25,35,30,35,2,2,4,4,3,2,3,20,4,3,1,4,3,2,25,1,19,80,15,1,3,4,1,2
2022-09-29 15:41:38,2022-09-29 15:56:07,0,100,869,1,2022-09-29 15:56:07,R_2wGIvivj5oiA8PT,anonymous,FA,1,1,2,00000,15000,00000,30000,20000,4,2,3,1,00000,15000,00000,30000,3,1,3,2,15000,50000,30000,50000,1,4,2,3,1,1,1,20000,1,3,2,4,5,1,24,3,18,80,15,1,4,2,1,3
2022-09-29 13:41:38,2022-09-29 16:00:07,0,100,8308,1,2022-09-29 16:00:07,R_2fa0gnYEcveqKWX,anonymous,FA,1,1,1,15000,30000,30000,50000,10000,2,4,2,2,15000,20000,20000,40000,1,2,3,2,30000,35000,30000,35000,1,2,4,2,2,2,3,10000,1,3,2,4,4,1,34,6,20,80,15,1,1,4,2,3
2022-09-29 16:01:54,2022-09-29 16:19:51,0,100,1076,1,2022-09-29 16:19:51,R_2Epll1BHhYRn2FL,anonymous,FA,1,1,2,0,15000,0,30000,30000,2,4,4,2,0,15000,0,30000,1,1,1,1,30000,30000,30000,30000,2,5,2,4,2,1,1,15000,1,3,2,1,5,1,49,6,18,80,15,1,2,3,1,4
2022-09-29 15:49:23,2022-09-29 16:36:15,0,100,2811,1,2022-09-29 16:36:15,R_3h416d6lGRqOcjm,anonymous,FA,0.8999999761581421,1,1,15000,25000,30000,40000,50000,1,5,3,1,15000,25000,30000,40000,2,1,2,2,30000,30000,30000,40000,1,1,5,3,2,1,2,40000,1,3,2,1,4,1,37,3,18,80,15,1,3,1,2,4
2022-09-22 17:44:35,2022-09-22 17:52:21,0,31,465,0,2022-09-29 17:52:25,R_3J9jIn4J5Gx9bDw,anonymous,FA,0.8999999761581421,1,2,5000,15000,20000,30000,60000,4,5,5,1,5000,20000,20000,30000,,,,,,,,,,,,,,,,,,,,,,,,,,,,,1,2,3,4
2022-09-29 18:15:20,2022-09-29 18:30:54,0,100,933,1,2022-09-29 18:30:54,R_dnXgXmIiPh6wJZ7,anonymous,FA,0.8999999761581421,1,1,15000,25000,30000,50000,25000,2,4,2,1,۱۵۰۰۰,۲۵۰۰۰,۳۰۰۰۰,۵۰۰۰۰,1,1,2,1,30000,40000,30000,50000,1,4,3,2,2,1,2,15000,1,3,3,1,3,1,23,2,16,80,15,1,3,1,4,2
2022-09-29 22:50:35,2022-09-29 23:08:18,0,100,1063,1,2022-09-29 23:08:20,R_5z2tszu3sqO9QYh,anonymous,FA,1,1,2,0,0,0,0,0,2,1,5,2,۰,۰,۰,۰,1,1,2,2,15000,15000,30000,30000,2,5,1,5,2,1,2,0,1,3,2,1,3,1,59,6,19,80,15,1,3,1,4,2
2022-09-29 21:00:30,2022-09-29 23:14:12,0,100,8022,1,2022-09-29 23:14:13,R_2YWzp5jSlZepNJU,anonymous,FA,0.8999999761581421,1,3,0,15000,0,15000,20000,5,5,4,1,0,15000,0,15000,1,1,1,2,0,15000,0,15000,1,5,2,5,2,1,1,20000,1,3,1,1,4,1,60,6,20,80,15,1,3,1,2,4
2022-09-29 05:46:40,2022-09-30 07:51:10,0,100,93869,1,2022-09-30 07:51:10,R_3GqVEQDvCXF9DD7,anonymous,FA,0.8999999761581421,1,3,0,15000,0,30000,200000,5,5,1,1,0,15000,0,30000,1,1,1,2,0,30000,0,30000,2,1,5,5,3,1,3,50000,1,3,3,4,3,1,۴۶,6,۱۸,80,15,1,3,4,2,1
2022-09-16 10:04:59,2022-09-23 10:05:03,0,39,604803,0,2022-09-30 10:05:05,R_3lDGpTwI83vU4ZK,anonymous,FA,1,1,3,22,22,22,22,22,3,3,3,2,22,22,22,22,2,2,2,,,,,,,,,,,,,,,,,,,,,,,,,,1,2,4,3
2022-09-30 14:22:45,2022-09-30 14:42:07,0,100,1161,1,2022-09-30 14:42:07,R_3iwMouybvyVUQYM,anonymous,FA,1,1,3,0,15000,0,30000,40000,1,4,2,2,0,15000,0,30000,1,1,3,2,30000,30000,30000,40000,2,3,2,1,2,1,3,15000,1,3,3,4,5,2,24,6,18,80,24,1,3,4,2,1
2022-09-30 16:36:30,2022-09-30 17:05:37,0,100,1747,1,2022-09-30 17:05:37,R_3sceKn7s9GhZ9jU,anonymous,FA,0.8999999761581421,1,3,0,15000,0,30000,20000,4,4,5,2,0,15000,0,30000,1,2,1,2,0,30000,0,30000,2,4,2,5,3,2,1,20000,1,3,3,1,3,1,43,6,16,80,15,1,1,4,2,3
2022-10-01 02:40:41,2022-10-01 02:52:49,0,100,728,1,2022-10-01 02:52:49,R_1jDRahiWV7b43kh,anonymous,FA,0.8999999761581421,1,1,0,60000,0,90000,50000,3,4,2,2,0,60000,0,90000,1,1,2,2,1,60000,1,90000,2,3,5,2,2,1,2,20000,1,3,3,4,5,1,20,6,15,80,26,1,2,1,3,4
2022-10-01 07:11:09,2022-10-01 07:47:54,0,100,2205,1,2022-10-01 07:47:55,R_1kTQP8vTjiTxOxi,anonymous,FA,1,1,1,15000,15000,30000,30000,10000,3,3,3,1,15000,15000,30000,30000,1,2,3,2,30000,30000,30000,30000,1,3,3,3,2,2,3,10000,1,3,2,1,3,1,42,2,16,80,15,2,3,1,4,2
2022-10-01 10:15:16,2022-10-01 10:34:42,0,100,1166,1,2022-10-01 10:34:43,R_3jfJ4tvP1qOqiT7,anonymous,FA,1,1,1,15000,15000,30000,30000,20000,2,5,2,1,15000,15000,30000,30000,1,2,2,2,20000,20000,30000,30000,1,2,4,1,2,2,3,20000,1,3,3,4,5,1,22,6,16,80,15,1,3,1,4,2
2022-09-24 14:43:07,2022-09-24 14:43:30,0,3,22,0,2022-10-01 14:43:35,R_a5ULCbschWxB8XL,anonymous,FA,0.10000000149011612,1,,,,,,,,,,,,,,,,,,,,,,,,,,,,,,,,,,,,,,,,,,,,,,
2022-09-24 17:32:49,2022-09-24 17:35:00,0,11,130,0,2022-10-01 17:35:04,R_1GVOsHmb23pLhAV,anonymous,FA,0.8999999761581421,1,2,,,,,,,,,,,,,,,,,,,,,,,,,,,,,,,,,,,,,,,,,,1,2,4,3
2022-09-24 23:24:35,2022-09-24 23:25:20,0,3,45,0,2022-10-01 23:25:23,R_cOe17Ni8Ik8DnTb,anonymous,FA,0.8999999761581421,1,,,,,,,,,,,,,,,,,,,,,,,,,,,,,,,,,,,,,,,,,,,,,,
2022-10-02 04:49:22,2022-10-02 05:07:31,0,100,1089,1,2022-10-02 05:07:33,R_1Nq3DjJ67n250IP,anonymous,FA,1,1,2,15000,15000,30000,30000,50000,3,3,1,2,15000,15000,30000,30000,1,1,1,2,15000,15000,30000,30000,2,3,3,1,1,1,1,50000,1,3,2,4,4,1,53,6,16,80,15,1,2,3,4,1
2022-09-26 09:46:56,2022-09-26 09:47:23,0,8,26,0,2022-10-03 10:05:07,R_1r7WBp3yx7xVOAV,anonymous,EN,1,1,,,,,,,,,,,,,,,,,,,,,,,,,,,,,,,,,,,,,,,,,,,2,1,4,3
2022-09-26 13:23:42,2022-09-26 13:24:22,0,8,39,0,2022-10-03 13:24:25,R_271XKM3btUvQx1a,anonymous,EN,1,1,,,,,,,,,,,,,,,,,,,,,,,,,,,,,,,,,,,,,,,,,,,4,1,3,2
2022-10-03 19:25:05,2022-10-03 20:01:01,0,100,2156,1,2022-10-03 20:01:01,R_12orYEOvnMqDfgN,anonymous,FA,0.8999999761581421,1,1,15000,30000,30000,60000,30000,1,5,1,2,15000,30000,30000,60000,1,1,3,1,30000,60000,30000,60000,2,1,5,1,2,1,3,10000,1,4,3,1,5,1,56,6,17,80,15,1,4,3,1,2
2022-09-29 06:05:28,2022-09-29 06:17:18,0,53,709,0,2022-10-06 06:17:19,R_egs6UO8wsoOVAaJ,anonymous,FA,1,1,2,0,15000,0,30000,50000,3,5,1,1,0,15000,0,30000,1,1,1,1,,,,,,,,,2,2,3,50000,,,,,,,,,,,,,2,1,4,3
2022-09-29 06:22:20,2022-09-29 06:23:33,0,3,73,0,2022-10-06 06:23:33,R_22tg0umAgv5jTkv,anonymous,FA,1,1,,,,,,,,,,,,,,,,,,,,,,,,,,,,,,,,,,,,,,,,,,,,,,
2022-09-29 09:18:56,2022-09-29 09:22:32,0,11,215,0,2022-10-06 09:39:26,R_3RaOJZDQPKAtaDb,anonymous,FA,0.8999999761581421,1,,,,,,,,,,,,,,,,,,2,,,,,,,,,,,,,,,,,,,,,,,,,4,3,1,2
2022-09-29 11:24:39,2022-09-29 11:25:13,0,6,33,0,2022-10-06 11:25:21,R_a2FSBc3jNqKQQc9,anonymous,FA,0.8999999761581421,1,,,,,,,,,,,,,,,,,,,,,,,,,,,,,,,,,,,,,,,,,,,,,,
2022-09-29 11:25:27,2022-09-29 11:26:32,8,3,65,0,2022-10-06 11:26:34,R_1pYFIm8MYdEw7DI,anonymous,FA,0.8999999761581421,1,,,,,,,,,,,,,,,,,,,,,,,,,,,,,,,,,,,,,,,,,,,,,,
2022-09-29 11:23:37,2022-09-29 11:24:23,0,8,46,0,2022-10-06 11:41:34,R_z7IJumRLXIMjuIV,anonymous,FA,1,1,,,,,,,,,,,,,,,,,,,,,,,,,,,,,,,,,,,,,,,,,,,2,4,1,3
2022-09-29 11:34:58,2022-09-29 11:35:55,0,3,56,0,2022-10-06 11:50:20,R_1r6zjkFkNlYo3MB,anonymous,FA,1,1,,,,,,,,,,,,,,,,,,,,,,,,,,,,,,,,,,,,,,,,,,,,,,
2022-09-29 12:30:15,2022-09-29 12:37:21,0,19,426,0,2022-10-06 12:40:12,R_21nbNFWc93Im1GU,anonymous,FA,1,1,1,0,15000,0,30000,100000,,,,,,,,,,,,,,,,,,,,,,,,,,,,,,,,,,,,,1,3,4,2
2022-09-29 12:42:25,2022-09-29 12:43:33,0,11,68,0,2022-10-06 12:43:38,R_0P17z77SNz6s0FP,anonymous,FA,1,1,,,,,,,,,,,,,,,,,,2,,,,,,,,,,,,,,,,,,,,,,,,,4,3,1,2
2022-09-29 12:22:51,2022-09-29 12:47:39,0,81,1488,0,2022-10-06 12:47:41,R_3D2x2cKJJJuZOyI,anonymous,FA,1,1,2,15000,15000,30000,30000,100000,3,1,3,2,15000,15000,15000,30000,2,1,3,2,30000,30000,30000,30000,2,3,2,5,2,1,1,50000,1,3,3,1,5,,,,,,,,3,2,4,1
2022-09-29 13:30:46,2022-09-29 13:32:18,0,11,91,0,2022-10-06 13:32:22,R_28ODJQtxGp9bcrY,anonymous,FA,0.8999999761581421,1,,,,,,,,,,,,,,,,,,2,,,,,,,,,,,,,,,,,,,,,,,,,4,2,1,3
2022-09-29 13:32:42,2022-09-29 13:38:50,0,36,368,0,2022-10-06 13:38:55,R_2TsXAMtLO3ECJxh,anonymous,FA,1,1,3,150000,15000,30000,30000,10000,3,2,3,,,,,,,,,2,30000,30000,30000,30000,2,3,5,3,,,,,,,,,,,,,,,,,2,4,1,3
2022-09-29 13:46:25,2022-09-29 14:06:37,0,61,1211,0,2022-10-06 14:06:38,R_1EXWzGDtwCP3ndn,anonymous,EN,0.699999988079071,1,1,0,15000,0,30000,60000,1,5,3,1,0,15000,0,30000,2,1,2,1,0,15000,0,30000,1,,,,2,1,2,60000,,,,,,,,,,,,,3,1,4,2
2022-09-30 05:11:58,2022-09-30 05:23:12,0,31,673,0,2022-10-07 05:23:14,R_BWVq5j4wNIq7kxb,anonymous,FA,1,1,,,,,,,,,,,0,15000,0,30000,1,1,2,,,,,,,,,,2,1,2,,,,,,,,,,,,,,3,1,4,2
2022-09-30 11:44:27,2022-09-30 12:07:39,0,67,1392,0,2022-10-07 12:07:41,R_1dFSF0YjXGE8Rtt,anonymous,FA,1,1,2,0,15000,0,30000,40000,1,5,5,1,0,15000,0,30000,2,2,3,2,15000,30000,30000,60000,2,4,5,4,2,1,1,20000,,,,,,,,,,,,,2,3,1,4
2022-09-30 14:37:22,2022-09-30 14:37:40,0,3,18,0,2022-10-07 14:37:49,R_2R3L1NOL13BUrGa,anonymous,FA,1,1,,,,,,,,,,,,,,,,,,,,,,,,,,,,,,,,,,,,,,,,,,,,,,
2022-09-30 15:21:15,2022-09-30 16:54:03,0,19,5567,0,2022-10-07 16:54:06,R_Xv2ytrXIskWrG6t,anonymous,FA,1,1,1,20,30,40,60,15,,,,,,,,,,,,,,,,,,,,,,,,,,,,,,,,,,,,,1,4,3,2
2022-10-08 21:13:10,2022-10-08 21:31:41,0,100,1111,1,2022-10-08 21:31:41,R_2ziRAd1RBna9xH9,anonymous,FA,0.699999988079071,1,1,15,15,30,30,15,4,4,2,1,15,15,30,30,1,2,3,1,30,30,30,30,2,4,2,2,2,2,3,15,1,3,3,1,5,1,25,4,16,80,26,1,1,2,4,3
2022-10-08 21:22:59,2022-10-08 21:43:14,0,100,1214,1,2022-10-08 21:43:14,R_2xKkywGMjogTtvF,anonymous,FA,0.800000011920929,1,1,0,30000,0,50000,20000,1,5,5,2,0,30000,0,50000,1,1,3,2,30000,40000,30000,50000,2,3,5,4,2,2,3,15000,1,3,3,4,5,1,20,6,14,80,15,1,4,3,1,2
2022-10-08 21:30:33,2022-10-08 21:43:42,0,100,788,1,2022-10-08 21:43:43,R_3ItcYOSsgdQvWc9,anonymous,FA,0.8999999761581421,1,2,0,0,0,0,5000,1,5,5,1,0,0,0,0,1,1,1,2,15,15,30,30,1,1,4,2,2,1,1,5000,1,3,3,4,3,3,20,7,12,80,15,1,4,1,3,2
2022-10-08 21:54:03,2022-10-08 22:01:20,0,100,437,1,2022-10-08 22:01:22,R_UF6X6PO4xBBMlUJ,anonymous,FA,0.800000011920929,1,2,15,50,30,80,15,1,5,2,1,15,50,30,80,1,1,3,2,15,50,50,100,1,1,5,1,1,1,3,8,2,2,1,2,4,1,22,3,14,80,15,1,1,2,3,4
2022-10-08 22:01:59,2022-10-08 22:18:25,0,100,985,1,2022-10-08 22:18:26,R_zTFeTWuubsk8hkB,anonymous,FA,0.8999999761581421,1,1,10000,20000,20000,40000,30000,4,2,3,2,10000,20000,20000,40000,1,2,3,2,15000,30000,20000,40000,2,5,1,5,2,2,3,20000,1,3,2,1,3,1,19,6,13,80,15,1,2,1,3,4
2022-10-10 11:57:41,2022-10-10 12:12:04,0,100,863,1,2022-10-10 12:12:05,R_1N8nzwbgUFxx41X,anonymous,FA,1,1,1,15,15,30,30,5000,4,3,3,1,15,15,30,30,1,1,3,2,15,15,30,30,1,3,3,3,3,1,3,5000,1,3,3,4,4,1,28,6,20,84,15,1,3,1,4,2
2022-10-10 11:57:12,2022-10-10 12:14:47,0,100,1054,1,2022-10-10 12:14:48,R_6z1o8qLRgp7ncSB,anonymous,FA,1,1,3,0,0,0,0,50000,5,1,5,2,0,0,0,0,3,1,3,2,0,15000,0,30000,2,5,1,5,3,1,3,20000,1,3,1,4,5,2,27,6,19,84,15,1,4,3,2,1
2022-10-10 11:54:31,2022-10-10 12:15:16,0,100,1245,1,2022-10-10 12:15:17,R_25RZWI4Jsc3fh4q,anonymous,FA,0.8999999761581421,1,2,0,15,0,30,5000,2,4,4,1,0,15,0,30,3,1,2,2,30,30,30,30,1,2,4,4,2,1,2,3000,1,3,3,4,5,1,33,2,24,84,15,1,1,4,3,2
2022-10-10 12:12:06,2022-10-10 12:35:06,0,100,1380,1,2022-10-10 12:35:07,R_3Ic3aEGVqbsaOfo,anonymous,FA,1,1,1,14000,14000,29000,29000,150000,5,2,1,1,0,0,0,0,1,1,3,2,14000,14000,29000,29000,2,5,2,1,3,1,3,150000,1,3,2,1,5,4,32,6,26,84,15,1,3,2,1,4
2022-10-10 16:25:44,2022-10-10 16:44:26,0,100,1122,1,2022-10-10 16:44:27,R_30tWLnPhiwhWHBj,anonymous,FA,1,1,2,0,15,0,30,5,3,3,2,1,0,15,0,30,1,1,2,2,30,30,30,30,1,3,3,2,2,2,2,3,3,4,3,4,4,2,32,7,25,84,15,1,2,3,1,4
2022-09-27 21:39:33,2022-10-03 17:18:01,0,25,502707,0,2022-10-10 17:18:03,R_e3VYuSNLWEVBwHL,anonymous,FA,1,1,,,,,,,,,,,10,15,15,25,1,1,2,2,,,,,,,,,,,,,,,,,,,,,,,,,3,1,2,4
2022-10-04 00:58:58,2022-10-04 00:59:51,0,8,52,0,2022-10-11 00:59:56,R_2ZIcIe6SVyRHqUu,anonymous,FA,1,1,,,,,,,,,,,,,,,,,,,,,,,,,,,,,,,,,,,,,,,,,,,4,2,1,3
2022-10-11 15:52:12,2022-10-11 16:14:01,0,100,1308,1,2022-10-11 16:14:01,R_2CTU19McPEQ8rAh,anonymous,FA,1,1,1,15000,100000,30000,300000,20000,1,5,5,1,15000,10000,30000,300000,2,1,2,2,30000,300000,30000,300000,2,1,5,5,1,1,2,20000,1,3,2,1,5,1,23,3,17,80,24,1,2,1,3,4
2022-10-12 21:34:22,2022-10-12 21:46:35,0,100,732,1,2022-10-12 21:46:37,R_wYNBHU7YDqh4bVn,anonymous,FA,1,1,3,0,15,0,30,50,2,4,3,1,0,15,0,30,3,1,3,2,15,30,30,30,1,5,1,4,2,1,3,20,4,4,2,4,2,2,19,5,13,80,24,1,2,4,3,1
2022-10-12 22:01:30,2022-10-12 22:14:27,0,100,777,1,2022-10-12 22:14:27,R_2ON2wTUfQj3Pa2K,anonymous,FA,1,1,2,0,0,0,0,12000,1,5,2,2,0,15000,0,30000,1,1,3,1,30000,30000,30000,30000,2,2,5,2,2,1,1,8000,1,3,3,4,5,3,19,1,13,80,26,1,1,4,3,2
2022-10-12 22:27:18,2022-10-12 22:35:38,0,100,500,1,2022-10-12 22:35:39,R_2tFjO0wpMJE0Iqd,anonymous,FA,0.8999999761581421,1,1,15,30,15,30,30,1,4,4,1,0,15,20,35,1,1,3,2,15000,30000,30000,35000,2,2,2,2,2,1,1,30,3,3,2,1,5,2,35,5,16,80,15,1,2,4,1,3
2022-10-13 18:46:48,2022-10-13 19:06:18,0,100,1169,1,2022-10-13 19:06:18,R_3Pz2GiO6zLDYqH6,anonymous,FA,0.8999999761581421,1,1,15,25,30,40,18,2,5,3,1,8,20,15,35,1,1,3,2,30,40,30,45,1,3,4,1,2,1,3,12,1,3,3,4,5,2,19,7,13,80,15,1,4,3,1,2
2022-10-14 13:10:40,2022-10-14 13:26:50,0,100,969,1,2022-10-14 13:26:51,R_SQdt1hPFXMYgJKF,anonymous,FA,1,1,1,15000,15000,15000,30000,15000,1,4,2,2,0,15000,0,30000,1,1,2,2,15000,30000,15000,30000,2,3,4,1,2,1,2,10000,4,3,3,4,3,1,20,6,14,80,15,1,1,4,3,2
2022-10-14 13:36:54,2022-10-14 13:49:16,0,100,741,1,2022-10-14 13:49:16,R_sHJKH6tHXnoCaM9,anonymous,FA,,1,1,0,15,0,30,45,1,4,4,1,0,15,0,30,1,2,3,2,15,30,30,30,2,2,3,1,2,2,3,40,3,3,3,1,5,2,26,6,18,80,15,1,4,3,2,1
2022-10-14 13:51:11,2022-10-14 14:09:43,0,100,1112,1,2022-10-14 14:09:44,R_1QKhmclQm2q0RCu,anonymous,FA,1,1,1,0,15,10,35,35,1,5,5,1,0,15,0,30,1,1,2,2,30,35,30,35,2,3,2,1,2,1,1,30,1,3,3,4,4,1,31,7,21,80,15,1,4,1,2,3
2022-10-14 16:28:00,2022-10-14 16:41:02,0,100,782,1,2022-10-14 16:41:02,R_2XjMQdwb5h9INYr,anonymous,FA,0.800000011920929,1,2,15,15,30,15,30,1,5,5,2,15,15,30,30,2,2,1,2,15,30,30,30,2,1,5,5,2,2,1,5,1,4,3,4,3,2,25,6,17,84,15,1,2,4,1,3
2022-10-08 21:17:17,2022-10-08 21:18:31,8,3,74,0,2022-10-15 21:18:39,R_2X0DENFJe6BgLaw,anonymous,FA,0.8999999761581421,1,,,,,,,,,,,,,,,,,,,,,,,,,,,,,,,,,,,,,,,,,,,,,,
2022-10-16 16:06:35,2022-10-16 16:32:30,0,100,1554,1,2022-10-16 16:32:31,R_2fybjP27HOut581,anonymous,FA,0.8999999761581421,1,1,15,20,15,30,30,1,5,4,1,10,15,20,30,1,2,2,2,15,35,30,35,2,3,2,2,2,1,1,28,1,3,2,4,5,2,18,7,13,80,15,1,1,4,3,2
2022-10-16 22:28:51,2022-10-16 22:48:35,0,100,1183,1,2022-10-16 22:48:37,R_217nhSRIOaMfslr,anonymous,FA,0.8999999761581421,1,1,15,15,25,35,22,1,5,4,2,10,15,25,30,1,2,3,3,30,50,30,45,2,3,2,2,2,1,1,18,2,3,2,4,5,1,19,5,13,80,15,1,2,3,4,1
2022-10-10 11:02:17,2022-10-10 11:20:48,0,53,1110,0,2022-10-17 11:55:19,R_1Ka75tYVYGhNM6i,anonymous,FA,1,1,1,15,15,30,30,10,4,2,2,2,15000,15000,30000,30000,1,1,2,2,,,,,,,,,2,1,2,15000,,,,,,,,,,,,,1,2,4,3
2022-10-10 11:55:51,2022-10-10 12:00:36,0,17,284,0,2022-10-17 12:29:42,R_bjbcXYjvmainm01,anonymous,FA,1,1,1,15,20,20,30,,,,,,,,,,,,,,,,,,,,,,,,,,,,,,,,,,,,,,1,2,3,4
2022-10-10 12:15:49,2022-10-10 12:16:46,0,3,57,0,2022-10-17 12:46:18,R_3QEuA2QVufy2muW,anonymous,FA,,1,,,,,,,,,,,,,,,,,,,,,,,,,,,,,,,,,,,,,,,,,,,,,,
2022-10-10 12:20:22,2022-10-10 12:21:39,0,8,76,0,2022-10-17 12:49:01,R_271eI1GxajVvRuO,anonymous,FA,1,1,,,,,,,,,,,,,,,,,,,,,,,,,,,,,,,,,,,,,,,,,,,1,2,4,3
2022-10-17 22:18:32,2022-10-17 22:52:23,0,100,2030,1,2022-10-17 22:52:23,R_2P1p6pDPcOenARU,anonymous,FA,,1,3,0,0,0,0,25,1,4,2,1,0,15,0,30,1,1,3,2,0,30,0,30,2,1,4,2,2,2,3,13,1,3,3,1,5,1,23,6,17,80,15,1,4,1,2,3
2022-10-18 10:30:44,2022-10-18 10:46:13,0,100,929,1,2022-10-18 10:46:14,R_3HTGMTGJUWtNMdZ,anonymous,FA,0.8999999761581421,1,1,0,50,0,70,20,3,5,1,1,0,50,0,70,2,1,2,2,30,60,30,60,2,4,4,2,3,1,1,10,1,4,3,4,5,2,30,4,18,80,15,1,2,1,3,4
2022-10-18 13:25:04,2022-10-18 13:46:30,0,100,1285,1,2022-10-18 13:46:30,R_3qwDVZeLZdtiXDm,anonymous,FA,1,1,1,10000,15000,20000,30000,10000,1,5,3,2,10000,15000,20000,30000,1,2,3,2,15000,15000,30000,30000,2,1,5,5,2,2,1,5000,1,4,3,4,5,2,37,6,18,65,15,1,1,3,2,4
2022-10-18 13:37:00,2022-10-18 13:49:42,0,100,761,1,2022-10-18 13:49:42,R_30pCuxWxnVTGej4,anonymous,FA,1,1,1,0,0,0,0,50000,3,3,2,2,0,0,0,0,1,1,2,2,15000,30000,30000,30000,2,5,4,5,1,1,1,30000,1,3,3,4,5,2,23,4,15,65,10,1,1,2,4,3
2022-10-18 16:25:24,2022-10-18 16:56:02,0,100,1838,1,2022-10-18 16:56:04,R_3kApW994yvovjlN,anonymous,FA,0.699999988079071,1,1,0,0,0,0,30000,2,5,3,2,0,0,0,0,1,1,3,2,30000,30000,30000,30000,2,2,5,3,2,1,1,10000,1,3,3,4,5,2,39,7,16,80,15,1,3,4,1,2
2022-10-18 16:26:16,2022-10-18 16:58:56,0,100,1960,1,2022-10-18 16:58:58,R_PIfRWrly9GSZlQt,anonymous,FA,0.8999999761581421,1,3,0,0,0,0,20000,5,5,5,1,0,0,0,0,1,1,1,1,0,0,0,0,1,2,2,5,2,1,1,20000,4,3,3,4,5,2,65,6,12,80,15,1,3,1,4,2
2022-10-11 18:05:41,2022-10-11 18:07:52,0,11,130,0,2022-10-18 18:07:58,R_2wBkNpyh6hTomh8,anonymous,FA,1,1,2,,,,,,,,,,,,,,,,,,,,,,,,,,,,,,,,,,,,,,,,,,1,2,4,3
2022-10-18 17:59:27,2022-10-18 20:06:25,0,100,7618,1,2022-10-18 20:06:27,R_3iWHj7PBb994pvk,anonymous,FA,0.8999999761581421,1,3,0,10000,0,20000,30000,5,1,4,1,0,10000,0,20000,3,1,1,1,0,10000,0,20000,1,3,1,5,3,1,1,15000,1,3,3,4,5,2,40,7,17,65,15,1,1,4,3,2
2022-10-18 20:23:24,2022-10-18 20:41:09,0,100,1065,1,2022-10-18 20:41:10,R_1f1tp7qwSg29Fkh,anonymous,FA,1,1,1,0,15000,0,30000,50000,3,4,2,1,0,15000,0,30000,1,1,3,2,30000,30000,30000,30000,1,4,2,2,2,1,3,10000,1,3,3,1,4,2,38,6,20,65,15,1,3,2,1,4
2022-10-18 11:26:50,2022-10-18 21:13:47,0,100,35217,1,2022-10-18 21:13:48,R_3MDs5nKfrvTmdlE,anonymous,FA,1,1,2,10000,12000,28000,30000,15000,2,4,5,1,15000,16000,30000,30000,3,2,1,3,25000,28000,30000,30000,2,3,1,3,1,1,2,12000,1,3,3,1,4,1,24,6,17,80,15,1,1,4,3,2
2022-10-11 19:09:35,2022-10-12 07:35:08,0,8,44733,0,2022-10-19 07:35:14,R_331Iyir9H3pudJ0,anonymous,FA,1,1,,,,,,,,,,,,,,,,,,,,,,,,,,,,,,,,,,,,,,,,,,,2,3,4,1
2022-10-12 12:26:07,2022-10-12 12:29:26,0,17,198,0,2022-10-19 12:29:32,R_26hGE8yfLySTHiR,anonymous,FA,1,1,,,,,,,,,,,0,0,0,0,3,,,,,,,,,,,,,,,,,,,,,,,,,,,,4,1,3,2
2022-10-19 18:36:41,2022-10-19 18:51:42,0,100,900,1,2022-10-19 18:51:43,R_27vqsuB7IOCaGsc,anonymous,FA,1,1,1,0,15,0,30,15,3,2,2,1,0,15,0,30,3,1,3,2,30,32,30,32,1,5,1,3,2,1,3,13,1,3,3,4,5,2,37,5,25,65,15,1,3,2,1,4
2022-10-12 21:20:30,2022-10-12 21:27:10,0,22,400,0,2022-10-19 21:27:13,R_26lNIsoBKbwSkTW,anonymous,FA,0.8999999761581421,1,2,15,50,30,50,15,1,5,5,,,,,,,,,,,,,,,,,,,,,,,,,,,,,,,,,,1,2,4,3
2022-10-13 02:18:45,2022-10-13 02:23:08,0,50,263,0,2022-10-20 02:23:09,R_1mxirYl8Ar8Az26,anonymous,FA,0.10000000149011612,1,2,,,,,,,,,,۵۵,۶۶,۵۴,۴۳۳,1,2,2,2,۴۴,۵۵,۴۴,۵۵,2,1,1,5,3,1,2,۱۵۰۰۰,,,,,,,,,,,,,4,2,3,1
2022-10-13 17:30:18,2022-10-13 17:31:29,8,3,71,0,2022-10-20 17:31:33,R_elzNOcLrJ1O71gl,anonymous,FA,,1,,,,,,,,,,,,,,,,,,,,,,,,,,,,,,,,,,,,,,,,,,,,,,
2022-10-14 14:10:40,2022-10-14 14:12:38,0,11,117,0,2022-10-21 14:12:42,R_RPKM57W9swhZZbX,anonymous,FA,1,1,,,,,,,,,,,,,,,,,,2,,,,,,,,,,,,,,,,,,,,,,,,,3,2,1,4
2022-10-19 20:39:44,2022-10-21 15:19:13,0,100,153569,1,2022-10-21 15:19:13,R_1dFYRiLSsmULqUF,anonymous,FA,0.8999999761581421,1,1,10,15,30,50,25,1,3,3,1,15,25,15,30,1,1,3,2,15,30,30,30,2,3,2,2,2,2,1,22,2,3,2,1,5,1,22,6,16,80,15,1,1,4,2,3
2022-10-22 02:34:04,2022-10-22 02:46:24,0,100,739,1,2022-10-22 02:46:24,R_3fphwQfMuafa7ay,anonymous,FA,0.8999999761581421,1,2,0,15000,0,30000,10000,4,2,4,1,0,15000,0,30000,1,1,2,2,15000,15000,30000,30000,1,5,2,4,1,1,1,8000,1,3,2,4,5,2,35,5,20,84,15,1,1,4,3,2
2022-10-16 17:11:36,2022-10-16 17:16:16,0,19,280,0,2022-10-23 17:16:19,R_oZCIBA8RiAvLSE1,anonymous,FA,0.8999999761581421,1,,,,,,,,,,,,,,,,,,2,۳۰۰۰۰,۳۰۰۰۰,۳۰۰۰۰۰,۳۰۰۰۰,1,,,,,,,,,,,,,,,,,,,,4,3,1,2
2022-10-23 17:06:00,2022-10-23 17:20:28,0,100,868,1,2022-10-23 17:20:28,R_1DqkKE6PfBWnqFQ,anonymous,FA,1,1,3,۰,۱۵,۰,۳۰,۵۰,2,5,1,2,۰,۱۵,۰,۱۵,2,1,3,2,۱۵,۳۰,۰,۳۰,2,2,5,2,2,1,1,۵۰,1,3,1,4,4,2,33,7,16,80,15,1,2,4,3,1
2022-10-17 21:36:22,2022-10-17 22:11:08,0,42,2086,0,2022-10-24 22:11:15,R_tDTBx8DmolQL9WF,anonymous,FA,1,1,,,,,,,,,,,30,35,60,65,1,,,1,35,40,40,45,1,1,5,3,2,1,1,20,,,,,,,,,,,,,4,3,2,1
2022-10-25 10:43:59,2022-10-25 10:50:22,0,100,383,1,2022-10-25 10:50:22,R_3EuUj157yKT0Taa,anonymous,FA,1,1,1,15,19,30,50,24,1,4,4,1,10,30,25,50,1,1,2,2,25,35,30,50,1,2,2,1,2,2,3,18,1,3,2,4,5,1,28,6,16,80,15,1,4,1,2,3
2022-10-25 11:04:03,2022-10-25 11:14:51,0,100,648,1,2022-10-25 11:14:51,R_3t9onG3bVOi7Zlf,anonymous,FA,1,1,1,0,15,20,60,18,1,4,5,1,15,25,30,50,1,1,2,2,30,60,30,50,1,3,2,1,2,1,1,15,1,3,1,4,5,4,18,7,12,80,15,1,4,2,1,3
2022-10-18 12:11:23,2022-10-18 12:12:44,0,8,80,0,2022-10-25 12:12:52,R_p0m6Ljjbx52GmSB,anonymous,FA,0.8999999761581421,1,,,,,,,,,,,,,,,,,,,,,,,,,,,,,,,,,,,,,,,,,,,3,2,4,1
2022-10-18 12:03:44,2022-10-18 12:13:52,0,44,607,0,2022-10-25 12:13:57,R_33DbF3Sv2CirdcE,anonymous,FA,1,1,1,۱۵,۱۵,۱۵,۳۰,,,,,,۱۵,۱۵,۳۰,۳۰,2,2,3,2,۱۵,۱۵,۳۰,۳۰,2,1,5,5,,,,,,,,,,,,,,,,,3,2,1,4
2022-10-18 10:31:20,2022-10-18 12:54:51,0,42,8610,0,2022-10-25 12:59:30,R_1DGvnwZA5vLEAq9,anonymous,FA,1,1,1,0,30,0,50,20000,3,3,4,1,0,30000,0,50000,1,1,1,1,,,,,,,,,,,,,,,,,,,,,,,,,1,2,3,4
2022-10-18 14:52:12,2022-10-18 15:03:56,0,78,704,0,2022-10-25 15:13:04,R_24GkbiS3TD7WYCb,anonymous,FA,1,1,3,0,10000,0,15000,1000,5,1,5,1,0,10000,0,15000,3,2,1,3,0,10000,0,15000,1,5,1,5,3,2,1,1000,1,3,2,4,,,,,,,,,4,2,3,1
2022-10-18 18:26:07,2022-10-18 18:33:58,0,81,470,0,2022-10-25 19:12:07,R_0SOYB5B8rIwcx8J,anonymous,FA,1,1,3,15000,20000,30000,35000,500000,3,3,2,2,15000,20000,30000,35000,3,1,1,2,15000,20000,30000,35000,1,3,3,3,1,2,1,500000,4,4,3,4,2,,,,,,,,1,3,2,4
2022-10-20 20:00:59,2022-10-20 20:17:21,0,50,982,0,2022-10-27 20:17:24,R_23gkrFjNaCeCy9d,anonymous,FA,0.8999999761581421,1,2,15000,15000,30000,30000,10000,2,4,3,1,,,,,,,,1,30000,30000,30000,30000,1,2,4,2,1,2,1,10000,,,,,,,,,,,,,2,4,3,1
2022-10-28 21:33:32,2022-10-28 21:51:21,0,100,1069,1,2022-10-28 21:51:22,R_3EcJbtFO5krI2aY,anonymous,FA,0.8999999761581421,1,1,17000,20000,35000,38000,35000,3,3,4,1,17000,20000,35000,40000,1,1,3,2,30000,35000,35000,38000,1,4,2,3,2,1,3,25000,4,2,1,1,4,1,21,7,16,80,15,1,1,2,4,3
2022-10-31 03:25:48,2022-11-01 06:58:50,0,100,99181,1,2022-11-01 06:58:51,R_2awY06C1nz0pJcs,anonymous,FA,1,1,1,000,15000,15000,30000,100000,1,5,3,1,000,15000,15000,30000,1,1,3,2,7500,15000,15000,30000,2,3,4,1,1,1,3,20000,3,4,3,4,5,1,21,4,15,80,15,1,2,1,4,3
2022-10-25 13:59:56,2022-10-25 14:00:56,0,3,59,0,2022-11-01 13:00:58,R_1lrQWPR0gNuCjXC,anonymous,FA,,1,,,,,,,,,,,,,,,,,,,,,,,,,,,,,,,,,,,,,,,,,,,,,,
2022-10-25 14:02:35,2022-10-25 14:15:03,0,39,747,0,2022-11-01 13:25:38,R_3HZdjKZ0TMRIXnm,anonymous,FA,1,1,1,0,15,20,40,18,1,5,5,1,,,,,,,,2,30,70,30,70,2,4,1,2,,,,,,,,,,,,,,,,,2,3,1,4
