StartDate,EndDate,Status,Progress,Duration (in seconds),Finished,RecordedDate,ResponseId,DistributionChannel,UserLanguage,Q_RecaptchaScore,Consent,MrAB1,Game1_1_1,Game1_1_2,Game1_2_1,Game1_2_2,Drink1,Gym1 _1,Gym1 _2,Gym1 _3,Jacket1,Game2_1_1,Game2_1_2,Game2_2_1,Game2_2_2,MrAB2,"Play2 ","Plane2 ",MrAB3,Game3_1 _1,Game3_1 _2,Game3_2_1,Game3_2_2,Jacket2,Gym2 _1,Gym2 _2,Gym2 _3,"MrAB4 ","Play1 ","Plane1 ",Drink2,fin_lit1,fin_lit2,fin_lit3,fin_lit4,Att_check,Gender,"Age ",Income,Education,Residence,Native language,debriefing,FL_5_DO_FL_14,FL_5_DO_FL_15,FL_5_DO_FL_16,FL_5_DO_FL_17
Start Date,End Date,Response Type,Progress,Duration (in seconds),Finished,Recorded Date,Response ID,Distribution Channel,User Language,Q_RecaptchaScore,"Dear Participant,



We invite you to take part in an online study with the purpose of investigating how people make decisions. The duration of the questionnaire is approximately 10 minutes. At the end of the questionnaire, you will be asked some personal demographic information.



Your data will be analyzed anonymously and processed according to the current international legislation for the protection of privacy (D. Lgs 196/2003 and EU GDPR 679/2016 on the protection of personal data and art. 9 of the Deontological Code of Italian Psychologists). Your data will be used solely for the purposes of the research itself. No information regarding you personally will be published or revealed in any way.



You are free to withdraw from the study at any point without giving any explanation. In this case your data will be deleted. You will not receive any payment or reimbursement of any sort for your participation in this study. There are no known risks associated with participating in this study.



Project Manager: Enrico Rubaltelli (Department of Development Psychology and Socialization -DPSS, University of Padua). The person responsible for this research agrees to comply with the obligations of current legislation in terms of collection, processing and storage of sensitive data.



I DECLARE THAT

• I am 18 years old or older

• I take part in this project voluntarily

• I am aware of the objectives and aims of this research project

• I am aware that the data obtained, in absolute anonymity, will be treated exclusively for educational and research purposes

• I am aware that it is not possible to withdraw the data I have provided once it has been submitted.



For any clarification you can contact Prof. Enrico Rubaltelli at jdmlab.multicountry@gmail.com.","Person A was given two tickets to the lottery. They won 2 000 ₽ with one ticket and 1 000 ₽ with the other ticket.  



Person B was given a ticket to one lottery. They won 3 000 ₽.  


 

Who is happier?","You are going to a sold-out game of your favorite local sports team and you have an extra ticket. The price marked on the ticket is 220 ₽ but this ticket has been offered to you by a friend for free.   



You want to get rid of the extra ticket and you know the ticket’s face value price is 220 ₽. You find someone who wants the ticket. There is no law against charging more than the price marked on the ticket.



What price do you ask for selling the extra ticket if the person you sell it to... ? - Is a friend","You are going to a sold-out game of your favorite local sports team and you have an extra ticket. The price marked on the ticket is 220 ₽ but this ticket has been offered to you by a friend for free.   



You want to get rid of the extra ticket and you know the ticket’s face value price is 220 ₽. You find someone who wants the ticket. There is no law against charging more than the price marked on the ticket.



What price do you ask for selling the extra ticket if the person you sell it to... ? - Is a stranger",What price would you have asked for if you found out that the ticket’s face value price was 440 ₽ instead? - If they are a friend,What price would you have asked for if you found out that the ticket’s face value price was 440 ₽ instead? - If they are a stranger,"You are on the beach on a hot day, and you would really like a cold drink. A friend offers to go buy the drink from a fancy resort hotel. They ask how much you are willing to pay for the drink: they will only buy it if it costs as much or less than the price you state. You trust your friend, and there is no possibility of bargaining with the bartender.



What price do you tell them?","Imagine that you go to the gym on a regular basis. Due to your busy working schedule, you can only go on Monday nights. The membership to the gym allows you to pay 400 ₽ (non-refundable) per session. One Monday, just after you have paid and changed into your gym clothes, you receive a phone call that requires you to leave and forgo your exercise that evening.



How well does each of the following statements capture your feelings about the cost of the missed workout? - I feel like I wasted 400 ₽","Imagine that you go to the gym on a regular basis. Due to your busy working schedule, you can only go on Monday nights. The membership to the gym allows you to pay 400 ₽ (non-refundable) per session. One Monday, just after you have paid and changed into your gym clothes, you receive a phone call that requires you to leave and forgo your exercise that evening.



How well does each of the following statements capture your feelings about the cost of the missed workout? - I feel like I wasted nothing, since my visit had already been paid for","Imagine that you go to the gym on a regular basis. Due to your busy working schedule, you can only go on Monday nights. The membership to the gym allows you to pay 400 ₽ (non-refundable) per session. One Monday, just after you have paid and changed into your gym clothes, you receive a phone call that requires you to leave and forgo your exercise that evening.



How well does each of the following statements capture your feelings about the cost of the missed workout? - I feel like I wasted something, but no specific amount or measure comes to mind","You are about to purchase a jacket for 6 600 ₽ and a Bluetooth speaker for 800 ₽. The salesman informs you that the speaker you wish to buy is on sale for 600 ₽ at the other branch store, located 20 minutes away.



Would you make the trip to the other store?","Imagine you are going to a sold-out game of your favorite local sports team, and you have an extra ticket. The price marked on the ticket is 220 ₽ which is what you paid for each ticket.



You want to get rid of the extra ticket and you know the ticket's face value price is 220 ₽. You find someone who wants the ticket. There is no law against charging more than the price marked on the ticket.



What price do you ask for selling the extra ticket if the person you sell it to...? - Is a friend","Imagine you are going to a sold-out game of your favorite local sports team, and you have an extra ticket. The price marked on the ticket is 220 ₽ which is what you paid for each ticket.



You want to get rid of the extra ticket and you know the ticket's face value price is 220 ₽. You find someone who wants the ticket. There is no law against charging more than the price marked on the ticket.



What price do you ask for selling the extra ticket if the person you sell it to...? - Is a stranger",What price would you have asked for if you found out that the ticket’s face value price was 440 ₽ instead? - If they are a friend,What price would you have asked for if you found out that the ticket’s face value price was 440 ₽ instead? - If they are a stranger,"Person A received a fine and owed 4 300 ₽. The same day they received a second fine and owed 2 100 ₽.



Person B received a fine and owed 6 400 ₽.



Who is more upset?","Imagine that you are on your way to a music event and intend to buy a ticket worth 2 100 ₽. On entering the venue, you realize that you have lost 2 100 ₽ in cash.


Would you still pay 2 100 ₽ for a ticket?","You are flying with a friend who has upgraded their ticket to business class and has two coupons, each worth 700 ₽, which could be used to upgrade your ticket from economy to business class. They purchased one coupon for the standard price of 700 ₽ and received the other one for free. Just one coupon is required to upgrade your class on the current flight and your friend offers you the coupon which they got for free so that you can upgrade your ticket as well.



What do you think is the most appropriate thing to do?","Person A bought a lottery ticket and won 4 300 ₽. Also, they damaged one door in their apartment in an accident and had to pay the landlord 3 400 ₽.  

 

Person B bought a lottery ticket and won 900 ₽.  

 

Who is happier?","You are going to a sold-out game of your favorite local sports team and you have an extra ticket. The ticket’s face value price is 220 ₽ but you paid 440 ₽ for each ticket when you bought them from another person.



You want to get rid of the extra ticket and you know the ticket’s face value price is 220 ₽. You find someone who wants the ticket. There is no law against charging more than the price marked on the ticket.



What price do you ask for selling the extra ticket if the person you sell it to...? - Is a friend","You are going to a sold-out game of your favorite local sports team and you have an extra ticket. The ticket’s face value price is 220 ₽ but you paid 440 ₽ for each ticket when you bought them from another person.



You want to get rid of the extra ticket and you know the ticket’s face value price is 220 ₽. You find someone who wants the ticket. There is no law against charging more than the price marked on the ticket.



What price do you ask for selling the extra ticket if the person you sell it to...? - Is a stranger",What price would you have asked for if you found out that the ticket’s face value price was 440 ₽ instead? - If they are a friend,What price would you have asked for if you found out that the ticket’s face value price was 440 ₽ instead? - If they are a stranger,"You are about to purchase a jacket for 800 ₽ and a Bluetooth speaker for 6 600 ₽. The salesman informs you that the speaker you wish to buy is on sale for 6 400 ₽ at the other branch store, located 20 minutes away.



Would you make the trip to the other store?","Imagine that you go to the gym on a regular basis. Due to your busy working schedule, you can only go on Monday nights. The membership costs you 21 000 ₽ a year (i.e., roughly 400 ₽ per visit). One Monday, just after you have arrived and changed into your gym clothes, you receive a phone call that requires you to leave and forgo your exercise that evening.



How well does
each of the following statements capture your feelings about the cost of the missed
workout? - I feel like I wasted 400 ₽","Imagine that you go to the gym on a regular basis. Due to your busy working schedule, you can only go on Monday nights. The membership costs you 21 000 ₽ a year (i.e., roughly 400 ₽ per visit). One Monday, just after you have arrived and changed into your gym clothes, you receive a phone call that requires you to leave and forgo your exercise that evening.



How well does
each of the following statements capture your feelings about the cost of the missed
workout? - I feel like I wasted nothing, since my visit had already been paid for","Imagine that you go to the gym on a regular basis. Due to your busy working schedule, you can only go on Monday nights. The membership costs you 21 000 ₽ a year (i.e., roughly 400 ₽ per visit). One Monday, just after you have arrived and changed into your gym clothes, you receive a phone call that requires you to leave and forgo your exercise that evening.



How well does
each of the following statements capture your feelings about the cost of the missed
workout? - I feel like I wasted something, but no specific amount or measure comes to mind","Person A damaged their car in a parking lot. They had to spend 8 500 ₽ to repair the damage. The same day they damaged the car they won 1 000 ₽ in a raffle.  

 

Person B damaged their car in a parking lot. They had to spend 7 500 ₽ to repair the damage.  

 

Who is more upset?","Imagine that you are on your way to a music event with a ticket for which you have paid 2 100 ₽. On entering the venue, you discover that you have lost the ticket.



Would you pay 2 100 ₽ for another ticket?","You are flying with a friend who has upgraded their ticket to business class and has two coupons, each worth 700 ₽, which could be used to upgrade your ticket from economy to business class. They purchased one coupon for the standard price of 700 ₽ and received the other one for free. Just one coupon is required to upgrade your class on the current flight, and your friend offers you the coupon which they purchased for 700 ₽ so that you can upgrade as well.



What do you think is the most appropriate thing to do?","You are on the beach on a hot day, and you would really like a cold drink. A friend offers to go buy the drink from a small, run-down grocery store. They ask how much you are willing to pay for the drink: they will only buy it if it costs as much or less than the price you state. You trust your friend, and there is no possibility of bargaining with the store owner.



What price do you tell them?","Suppose that you have 1 000 ₽ in a savings account and the interest rate is 2% per year. After 5 years, how much do you think you would have in the account if you let the money grow?","Imagine that the interest rate on your savings account was 1% per year and inflation was 2% per year. After 1 year,
how much would you be able to buy with the money in this account?",Buying a single company's stock usually provides a safer return than a stock mutual fund.,"If interest rates rise, what would typically happen to bond prices?","To ensure the quality of our data we need to know if participants paid attention during the survey. Please tell us honestly how serious you were in completing the survey.


How serious have you been about filling in the survey?",What gender do you identify as?,What is your age (in numbers)?,Which of the following best describes your monthly income after tax?,How many years of schooling have you completed? (from elementary school to doctoral degree or specialization if you have one),List of Countries,Which of the following is your native language?,"The survey you have completed aims to replicate the mental accounting effect. According to this phenomenon a person attributes different values to the same amount of money based on subjective criteria. Specifically, people tend to subjectively organize economic resources into different mental accounts. In addition, in this study, we measured some individual differences that might have an influence on mental accounting. In particular:  

 

● Scale to measure financial literacy (Lusardi and Mitchell, 2014).  

● Demographic data (e.g. gender, age or income level)  

 

Finally, we inform you that we have also used an attentional check to measure respondent engagement. The purpose of this study could not be fully revealed at the beginning of the study to avoid influencing your answers. Now that you have received this information, we ask you to confirm your consent to participate in this study or to withdraw it. In the latter case your data will not be used and will be deleted.",FL_5 - Block Randomizer - Display Order - FL_14,FL_5 - Block Randomizer - Display Order - FL_15,FL_5 - Block Randomizer - Display Order - FL_16,FL_5 - Block Randomizer - Display Order - FL_17
"{""ImportId"":""startDate"",""timeZone"":""Europe/Berlin""}","{""ImportId"":""endDate"",""timeZone"":""Europe/Berlin""}","{""ImportId"":""status""}","{""ImportId"":""progress""}","{""ImportId"":""duration""}","{""ImportId"":""finished""}","{""ImportId"":""recordedDate"",""timeZone"":""Europe/Berlin""}","{""ImportId"":""_recordId""}","{""ImportId"":""distributionChannel""}","{""ImportId"":""userLanguage""}","{""ImportId"":""Q_RecaptchaScore""}","{""ImportId"":""QID1""}","{""ImportId"":""QID8""}","{""ImportId"":""QID14_1""}","{""ImportId"":""QID14_2""}","{""ImportId"":""QID15_1""}","{""ImportId"":""QID15_2""}","{""ImportId"":""QID23_TEXT""}","{""ImportId"":""QID44_1""}","{""ImportId"":""QID44_2""}","{""ImportId"":""QID44_3""}","{""ImportId"":""QID34""}","{""ImportId"":""QID17_1""}","{""ImportId"":""QID17_2""}","{""ImportId"":""QID18_1""}","{""ImportId"":""QID18_2""}","{""ImportId"":""QID12""}","{""ImportId"":""QID78""}","{""ImportId"":""QID86""}","{""ImportId"":""QID10""}","{""ImportId"":""QID20_1""}","{""ImportId"":""QID20_2""}","{""ImportId"":""QID21_1""}","{""ImportId"":""QID21_2""}","{""ImportId"":""QID74""}","{""ImportId"":""QID82_1""}","{""ImportId"":""QID82_2""}","{""ImportId"":""QID82_3""}","{""ImportId"":""QID11""}","{""ImportId"":""QID40""}","{""ImportId"":""QID48""}","{""ImportId"":""QID70_TEXT""}","{""ImportId"":""QID59""}","{""ImportId"":""QID60""}","{""ImportId"":""QID61""}","{""ImportId"":""QID62""}","{""ImportId"":""QID51""}","{""ImportId"":""QID52""}","{""ImportId"":""QID53_TEXT""}","{""ImportId"":""QID54""}","{""ImportId"":""QID55_TEXT""}","{""ImportId"":""QID114""}","{""ImportId"":""QID57""}","{""ImportId"":""QID63""}","{""ImportId"":""FL_5_DO"",""choiceId"":""FL_14""}","{""ImportId"":""FL_5_DO"",""choiceId"":""FL_15""}","{""ImportId"":""FL_5_DO"",""choiceId"":""FL_16""}","{""ImportId"":""FL_5_DO"",""choiceId"":""FL_17""}"
2022-09-12 07:20:08,2022-09-12 08:07:20,0,100,2831,1,2022-09-12 08:07:20,R_3LdL6yIGxIWP2Iy,anonymous,RU,0.8999999761581421,1,2,0,220,0,440,150,1,5,5,1,220,440,440,440,1,1,3,2,440,660,440,660,1,1,5,5,2,2,1,60,4,6,2,7,5,2,29,3,7,143,19,1,4,3,2,1
2022-09-12 08:58:14,2022-09-12 09:25:30,0,100,1636,1,2022-09-12 09:25:32,R_x5Aq2nq2d3BVj3j,anonymous,RU,1,1,1,0,440,0,880,200,4,2,1,2,220,440,440,880,1,1,3,2,440,880,440,880,1,4,2,3,3,1,1,200,4,6,2,7,4,2,50,1,19,143,19,1,4,2,3,1
2022-09-12 09:37:02,2022-09-12 09:50:32,0,100,810,1,2022-09-12 09:50:32,R_2f2phxPQCiCGNYM,anonymous,RU,1,1,1,0,220,0,440,500,5,5,3,1,220,220,220,220,1,1,1,2,220,220,440,440,1,3,1,3,2,1,3,100,5,6,2,4,5,2,36,2,3,143,19,1,3,4,2,1
2022-09-12 12:05:54,2022-09-12 12:33:05,0,100,1630,1,2022-09-12 12:33:06,R_3MF25oADAch68Ob,anonymous,RU,0.8999999761581421,1,3,0,0,0,0,700,5,1,5,2,220,220,440,440,1,1,3,2,440,440,440,440,2,5,1,5,2,1,3,100,4,6,3,7,4,2,48,5,18,143,19,1,4,2,3,1
2022-09-12 18:26:01,2022-09-12 18:37:07,0,100,666,1,2022-09-12 18:37:08,R_AnVTRhZoOPb5rCV,anonymous,RU,0.8999999761581421,1,1,0,0,0,0,400,4,3,2,2,220,220,440,440,2,1,3,3,220,220,440,440,2,2,5,1,2,2,3,100,4,6,3,7,4,2,26,7,16,143,19,1,3,1,4,2
2022-09-12 19:26:50,2022-09-12 19:41:21,0,100,870,1,2022-09-12 19:41:21,R_3KBZRypeinGlly7,anonymous,RU,1,1,3,0,220,0,440,500,1,5,1,2,220,220,440,440,3,1,2,2,440,440,440,440,2,1,5,1,2,1,1,300,4,6,2,7,3,2,50,6,24,143,19,1,1,2,4,3
2022-09-13 10:33:21,2022-09-13 10:50:53,0,100,1051,1,2022-09-13 10:50:54,R_cU7i74AWAcCqTvj,anonymous,RU,1,1,3,0,220,0,440,225,2,5,5,1,220,220,440,440,3,1,1,3,440,440,440,440,1,2,5,5,3,1,1,150,4,6,2,4,4,1,34,6,16,10,19,1,3,4,1,2
2022-09-13 11:23:54,2022-09-13 11:31:47,0,100,473,1,2022-09-13 11:31:48,R_3DwkTXX9oNbNufO,anonymous,RU,0.8999999761581421,1,3,0,220,0,440,200,4,2,3,1,220,500,440,600,1,2,1,3,220,440,440,440,1,3,2,3,2,2,1,50,5,6,3,7,5,2,34,6,16,10,19,1,2,4,1,3
2022-09-13 11:40:21,2022-09-13 11:56:57,0,100,996,1,2022-09-13 11:56:59,R_2B97ZFhD1Plqxw3,anonymous,RU,1,1,3,0,220,0,440,200,1,5,4,2,220,300,220,440,1,1,1,2,440,500,440,500,2,4,2,4,2,1,1,100,4,6,3,7,1,2,30,6,15,60,19,1,2,4,3,1
2022-09-13 12:03:48,2022-09-13 12:17:30,0,100,822,1,2022-09-13 12:17:31,R_0pMqiPoxD8jXSW5,anonymous,RU,1,1,1,0,250,0,450,150,1,5,5,1,220,250,440,450,1,1,1,2,440,450,440,450,1,5,4,1,2,1,1,150,4,6,2,6,5,1,33,4,18,10,19,1,1,4,3,2
2022-09-13 13:29:12,2022-09-13 14:27:42,0,100,3509,1,2022-09-13 14:27:43,R_aY3sCc8FC1R6edz,anonymous,RU,1,1,1,220,440,440,440,200,2,4,2,2,220,440,440,440,2,1,2,2,220,440,440,440,2,2,4,2,2,1,2,200,4,6,2,7,3,1,34,5,18,143,19,1,3,2,1,4
2022-09-14 11:26:28,2022-09-14 11:58:41,0,100,1933,1,2022-09-14 11:58:42,R_AtEeezUygNxHnmV,anonymous,RU,1,1,3,0,200,0,440,400,1,5,1,2,220,220,440,500,2,1,2,2,440,660,440,440,2,4,1,4,2,2,1,100,4,6,2,5,3,2,76,3,16,143,19,1,3,4,2,1
2022-09-13 22:16:48,2022-09-16 20:40:49,0,100,253441,1,2022-09-16 20:40:52,R_1q2Hy4xQYfwEbOV,anonymous,RU,0.6000000238418579,1,1,100,220,200,440,500,1,5,5,1,220,300,440,500,1,2,3,2,440,440,440,440,1,1,5,5,2,2,2,80,4,5,3,7,3,2,56,2,15,143,19,1,4,1,2,3
2022-09-18 17:54:09,2022-09-18 18:09:24,0,100,915,1,2022-09-18 18:09:26,R_3J7TvbqQhV90HX5,anonymous,RU,0.8999999761581421,1,3,0,220,0,440,400,2,3,3,2,220,220,220,220,3,1,3,2,440,440,440,440,2,2,3,2,1,1,3,200,4,6,2,7,3,1,24,5,17,143,19,1,2,4,1,3
2022-09-18 18:01:53,2022-09-18 18:15:38,0,100,824,1,2022-09-18 18:15:39,R_2YDLNyXLgQKc5jq,anonymous,RU,0.8999999761581421,1,1,0,220,0,440,1000,1,5,3,2,220,220,440,440,2,2,1,2,220,440,440,440,2,5,1,3,2,2,3,500,4,6,3,7,5,2,32,6,17,143,19,1,4,3,1,2
2022-09-18 18:05:09,2022-09-18 18:19:18,0,100,848,1,2022-09-18 18:19:18,R_eYb6U7BbDvO8b0l,anonymous,RU,1,1,3,0,220,0,440,380,4,3,2,2,220,400,440,650,3,2,1,2,220,440,400,600,2,4,2,2,1,2,1,300,5,5,3,7,4,2,24,3,17,143,19,1,2,4,1,3
2022-09-18 18:09:14,2022-09-18 18:21:10,0,100,715,1,2022-09-18 18:21:10,R_3CWbWXD7x45sBIq,anonymous,RU,1,1,1,0,220,0,220,300,5,5,5,2,220,220,220,220,1,1,2,2,0,440,0,440,2,5,1,5,2,1,2,100,6,6,2,6,4,2,37,6,18,143,19,1,4,3,2,1
2022-09-18 18:06:32,2022-09-18 18:24:02,0,100,1049,1,2022-09-18 18:24:02,R_1CxpJaohuCbegsz,anonymous,RU,0.8999999761581421,1,2,0,220,0,440,100,2,2,2,2,0,220,0,220,1,1,2,2,0,440,0,440,2,2,2,2,2,1,2,100,4,6,3,7,3,2,47,7,25,143,19,1,4,1,3,2
2022-09-18 18:15:37,2022-09-18 18:32:53,0,100,1035,1,2022-09-18 18:32:53,R_vSMJVbqgnhg5VO9,anonymous,RU,0.8999999761581421,1,3,0,220,0,440,100,2,4,4,2,220,220,440,440,3,2,3,3,440,440,440,440,2,3,3,2,3,2,3,100,4,6,3,7,3,2,50,2,17,143,19,1,4,2,3,1
2022-09-18 18:20:21,2022-09-18 18:38:32,0,100,1091,1,2022-09-18 18:38:32,R_1Cp89AuFND4KZFW,anonymous,RU,0.8999999761581421,1,1,0,0,0,0,300,1,5,5,2,0,220,440,440,1,1,2,3,440,440,440,440,1,5,2,3,2,2,3,200,4,6,2,4,5,2,36,6,16,143,19,1,3,4,2,1
2022-09-18 18:17:41,2022-09-18 18:39:13,0,100,1292,1,2022-09-18 18:39:13,R_1FtEME9erxgFmTB,anonymous,RU,0.8999999761581421,1,3,0,220,0,440,500,1,5,4,1,0,440,0,660,1,2,1,2,0,440,0,660,1,3,4,2,2,2,1,200,4,6,2,7,5,2,21,1,14,143,19,1,2,4,1,3
2022-09-18 18:26:12,2022-09-18 18:39:30,0,100,798,1,2022-09-18 18:39:30,R_DI7S8agrbkaBBId,anonymous,RU,0.8999999761581421,1,3,0,220,0,440,200,4,3,2,1,220,220,440,440,3,2,3,3,220,440,440,440,1,5,2,4,2,2,1,100,5,6,1,7,4,2,40,3,16,143,19,1,2,3,4,1
2022-09-18 18:30:14,2022-09-18 18:41:24,0,100,669,1,2022-09-18 18:41:24,R_1jjEQsJw98mMN4G,anonymous,RU,0.8999999761581421,1,2,220,300,440,600,300,1,5,3,1,220,300,440,600,2,2,3,1,440,500,440,600,1,3,5,1,2,2,3,200,4,6,1,6,3,2,19,1,13,143,19,1,3,4,2,1
2022-09-18 18:46:15,2022-09-18 18:55:02,0,100,527,1,2022-09-18 18:55:03,R_2v1SN8rn9A5O7Io,anonymous,RU,1,1,1,220,300,440,500,200,1,5,4,2,220,300,440,500,2,1,3,3,440,440,440,440,2,1,5,4,2,2,3,100,6,6,3,7,4,2,26,7,14,143,19,1,4,3,1,2
2022-09-18 18:38:21,2022-09-18 18:55:27,0,100,1025,1,2022-09-18 18:55:27,R_1DBXVqg5SNCYI0e,anonymous,RU,1,1,1,220,300,440,500,400,2,4,5,2,220,300,440,500,1,2,2,1,440,500,440,500,2,3,2,3,1,2,1,200,4,6,3,7,4,2,29,2,17,143,19,1,1,4,2,3
2022-09-18 18:29:59,2022-09-18 19:01:12,0,100,1872,1,2022-09-18 19:01:14,R_21napjZ2CXwMjnJ,anonymous,EN,1,1,1,0,220,0,220,500,2,3,2,2,220,220,220,350,1,1,3,1,440,440,440,440,2,4,3,2,2,2,3,100,4,6,2,7,5,2,19,1,12,143,19,1,2,1,4,3
2022-09-18 18:55:02,2022-09-18 19:05:14,0,100,611,1,2022-09-18 19:05:14,R_1HkJ06ljwMtrzUM,anonymous,RU,1,1,1,220,220,220,440,100,3,2,1,1,440,440,440,440,1,2,3,1,220,440,440,440,1,3,2,1,2,2,3,50,6,6,3,7,3,2,56,5,20,143,19,1,3,2,1,4
2022-09-18 18:53:38,2022-09-18 19:15:20,0,100,1302,1,2022-09-18 19:15:21,R_24cl0dBQCbfQzuV,anonymous,RU,0.8999999761581421,1,1,0,220,0,440,350,2,4,4,1,200,220,400,440,1,1,2,2,400,440,400,440,1,5,2,4,2,1,2,100,4,6,2,7,4,2,25,2,17,143,19,1,1,2,3,4
2022-09-18 19:05:46,2022-09-18 19:16:17,0,100,630,1,2022-09-18 19:16:18,R_vCCIPeziklUU5X3,anonymous,RU,0.8999999761581421,1,1,0,220,0,440,300,1,5,5,1,0,220,0,440,3,1,2,2,0,440,0,440,1,4,1,2,2,1,1,100,4,6,2,7,5,2,27,6,17,143,19,1,1,4,2,3
2022-09-18 19:16:36,2022-09-18 19:27:07,0,100,631,1,2022-09-18 19:27:08,R_3pnnesYAvRQ1lMB,anonymous,RU,0.8999999761581421,1,3,0,300,0,600,300,1,5,3,1,220,320,220,600,1,1,2,2,440,600,440,220,2,3,3,2,2,1,3,40,4,7,3,7,4,2,18,7,11,143,19,1,3,4,1,2
2022-09-18 18:27:52,2022-09-18 19:35:38,0,100,4066,1,2022-09-18 19:35:38,R_RlPZMKaNWPYor61,anonymous,RU,1,1,3,0,220,0,220,500,3,3,3,2,220,220,440,440,3,2,2,2,220,220,440,440,2,3,2,3,2,2,1,100,4,6,3,4,3,2,29,6,22,143,19,1,3,1,2,4
2022-09-18 19:30:09,2022-09-18 19:39:24,0,100,554,1,2022-09-18 19:39:26,R_1OovVONxNoLNt7r,anonymous,RU,1,1,1,0,220,0,440,1200,1,5,5,2,0,220,0,440,1,1,2,1,0,440,0,440,2,5,1,5,2,1,2,60,4,6,3,7,2,1,21,3,15,143,19,1,1,3,4,2
2022-09-18 19:23:16,2022-09-18 19:45:29,0,100,1332,1,2022-09-18 19:45:30,R_1JCMkTn7Mjy0rme,anonymous,RU,0.8999999761581421,1,1,220,220,440,440,200,1,5,1,2,220,500,440,800,1,1,2,2,440,440,440,800,1,2,3,3,2,2,1,50,4,6,2,7,3,2,25,1,17,143,19,1,3,1,4,2
2022-09-18 19:33:10,2022-09-18 19:45:44,0,100,753,1,2022-09-18 19:45:44,R_8AnLa2jsleLGP6x,anonymous,RU,0.800000011920929,1,1,220,220,440,440,400,2,4,5,1,220,220,440,440,1,1,1,2,220,220,440,440,1,2,4,5,2,1,1,150,4,6,3,7,5,2,22,1,15,143,19,1,2,1,4,3
2022-09-18 19:09:34,2022-09-18 19:54:09,0,100,2675,1,2022-09-18 19:54:10,R_plr7wsfMHBcj70t,anonymous,RU,0.8999999761581421,1,1,0,0,0,0,100,1,5,3,1,220,220,220,220,2,2,2,2,440,440,440,440,1,5,2,3,2,2,1,100,4,6,3,7,5,2,24,1,17,143,19,1,2,3,4,1
2022-09-18 19:44:19,2022-09-18 19:55:06,0,100,646,1,2022-09-18 19:55:06,R_2AQJZssSqVtqDq0,anonymous,RU,0.8999999761581421,1,1,0,300,0,500,500,1,5,5,1,220,300,440,500,1,1,2,2,220,440,440,880,1,1,5,1,2,1,1,150,4,6,3,6,5,1,18,2,11,143,19,1,4,2,1,3
2022-09-18 19:55:30,2022-09-18 20:07:34,0,100,724,1,2022-09-18 20:07:35,R_6A33jETBw8C8n29,anonymous,RU,1,1,2,220,220,440,440,200,2,3,3,2,220,220,440,440,1,2,2,2,220,220,440,440,2,5,1,4,2,2,1,50,4,6,2,6,4,1,18,1,12,143,19,1,4,3,2,1
2022-09-18 20:06:33,2022-09-18 20:17:24,0,100,650,1,2022-09-18 20:17:24,R_3G0towYKJS4vVVN,anonymous,RU,0.8999999761581421,1,1,100,350,100,550,200,1,5,5,1,100,300,100,550,1,1,2,2,100,350,100,550,1,2,5,3,2,1,2,200,4,6,2,6,5,1,18,7,12,143,19,1,1,4,2,3
2022-09-18 20:16:04,2022-09-18 20:28:34,0,100,750,1,2022-09-18 20:28:35,R_2AKcVUIjJDbngV7,anonymous,RU,0.8999999761581421,1,2,0,220,0,440,1000,1,4,5,1,220,220,440,440,1,1,1,1,440,440,440,440,2,5,1,2,2,1,1,100,7,6,2,4,5,2,25,6,17,143,19,1,1,3,4,2
2022-09-18 20:18:41,2022-09-18 20:29:15,0,100,634,1,2022-09-18 20:29:16,R_bCu4g0QPc1YNtD3,anonymous,RU,1,1,1,0,220,0,440,400,1,4,3,2,220,220,440,440,1,1,3,1,440,440,440,440,2,2,4,3,2,1,3,150,4,6,3,6,4,2,44,6,18,143,19,1,3,4,2,1
2022-09-18 20:31:47,2022-09-18 20:41:51,0,100,604,1,2022-09-18 20:41:52,R_39ONbe0eav81XXP,anonymous,RU,1,1,3,0,300,0,500,850,1,5,5,2,0,300,0,500,1,1,2,2,0,440,0,500,2,3,2,4,2,1,2,150,4,6,3,7,5,1,26,5,18,143,19,1,2,4,1,3
2022-09-18 20:23:55,2022-09-18 20:45:50,0,100,1315,1,2022-09-18 20:45:51,R_1Q3gAtXOtesyXJR,anonymous,RU,0.8999999761581421,1,3,0,0,0,0,600,1,5,5,1,0,500,440,500,2,2,2,2,440,440,440,600,2,5,1,3,1,2,1,200,4,6,3,7,5,2,27,4,17,143,19,1,2,1,4,3
2022-09-18 20:23:15,2022-09-18 20:59:37,0,100,2181,1,2022-09-18 20:59:37,R_3FLGKUh5DWPXYlr,anonymous,RU,0.8999999761581421,1,2,0,0,0,0,1000,3,1,3,2,0,220,0,440,1,1,2,2,0,440,0,440,2,5,1,5,2,1,2,500,4,6,2,7,5,2,35,6,17,143,19,1,1,3,4,2
2022-09-18 20:50:16,2022-09-18 21:00:25,0,100,608,1,2022-09-18 21:00:27,R_sZE01P63wY6SeU9,anonymous,RU,0.8999999761581421,1,1,220,220,300,500,500,1,1,4,2,220,220,300,500,1,1,2,1,500,500,500,500,2,1,2,4,2,1,3,200,7,7,3,7,4,2,39,5,10,143,19,1,2,1,3,4
2022-09-18 20:50:39,2022-09-18 21:04:31,0,100,832,1,2022-09-18 21:04:31,R_2wRZsCpBdQAlERH,anonymous,RU,0.800000011920929,1,3,0,0,0,0,150,3,3,3,2,0,220,0,220,3,2,2,2,0,440,0,440,2,5,1,5,1,2,1,150,4,7,2,7,4,2,46,4,16,143,19,2,2,1,3,4
2022-09-18 20:59:18,2022-09-18 21:11:45,0,100,746,1,2022-09-18 21:11:45,R_21uFUBdWC0LzRc2,anonymous,RU,0.8999999761581421,1,2,0,200,0,400,600,1,2,2,2,0,200,0,400,1,2,3,1,0,400,0,400,2,4,3,2,2,1,3,200,4,6,3,7,4,2,20,4,13,143,26,1,2,1,3,4
2022-09-18 20:49:19,2022-09-18 21:12:42,0,100,1403,1,2022-09-18 21:12:43,R_3Ldum6QPfoIkS6M,anonymous,RU,0.8999999761581421,1,1,0,220,0,220,300,1,5,5,2,220,220,220,220,1,1,3,2,440,440,440,440,2,1,3,1,2,2,3,100,4,6,2,7,5,2,37,3,15,143,19,1,4,2,1,3
2022-09-18 21:01:50,2022-09-18 21:13:26,0,100,695,1,2022-09-18 21:13:26,R_1kFd8dAvA0NVdME,anonymous,RU,0.8999999761581421,1,1,0,220,220,449,400,1,5,5,2,220,220,440,440,1,2,2,2,220,440,440,440,2,1,5,5,2,1,1,100,4,6,3,4,4,2,36,3,16,143,19,1,1,4,3,2
2022-09-18 20:55:56,2022-09-18 21:16:25,0,100,1228,1,2022-09-18 21:16:25,R_3ENczSMzdl5SCPP,anonymous,RU,0.8999999761581421,1,3,0,110,0,110,250,1,5,5,2,220,440,440,500,1,1,3,2,440,440,440,500,2,1,5,2,2,2,3,150,6,6,2,7,4,2,29,1,16,143,19,1,4,1,3,2
2022-09-18 20:38:31,2022-09-18 21:19:01,0,100,2430,1,2022-09-18 21:19:01,R_RXBFiXZk9jUKYDL,anonymous,RU,0.800000011920929,1,1,0,0,0,0,0,5,1,5,2,220,220,440,440,1,1,3,2,440,440,440,440,2,5,1,1,1,1,3,0,4,6,1,4,5,1,65,7,25,143,19,1,2,3,1,4
2022-09-18 20:58:01,2022-09-18 21:21:08,0,100,1386,1,2022-09-18 21:21:08,R_2qly5e8u4JiMMEP,anonymous,RU,0.8999999761581421,1,1,0,220,0,440,150,1,4,3,1,220,220,220,440,1,1,2,2,440,440,440,440,2,1,4,1,2,2,1,150,4,6,2,4,4,2,40,7,16,143,19,1,1,4,3,2
2022-09-18 21:17:23,2022-09-18 21:29:23,0,100,720,1,2022-09-18 21:29:24,R_2qrz9J5V6q9LESn,anonymous,RU,0.8999999761581421,1,3,220,440,440,880,300,1,5,5,1,220,440,440,880,1,1,2,1,440,500,440,880,2,1,5,1,2,2,2,150,4,6,2,7,5,2,19,3,14,143,19,1,3,4,1,2
2022-09-18 21:27:02,2022-09-18 21:49:17,0,100,1335,1,2022-09-18 21:49:19,R_2uvrdh6Ac9ngPAJ,anonymous,RU,0.8999999761581421,1,3,0,220,0,440,350,2,2,2,2,0,220,0,440,3,1,3,3,0,440,0,440,2,5,1,5,1,1,3,150,4,6,2,7,4,2,27,6,17,143,19,1,4,3,1,2
2022-09-18 21:51:51,2022-09-18 22:04:01,0,100,730,1,2022-09-18 22:04:01,R_2ebqB2Ux9kenU54,anonymous,RU,1,1,1,0,0,0,0,300,3,5,1,1,220,220,440,440,1,1,2,2,440,440,440,440,2,1,1,1,2,1,2,200,4,6,2,4,4,2,38,5,18,143,19,1,1,4,2,3
2022-09-18 21:52:51,2022-09-18 22:07:28,0,100,876,1,2022-09-18 22:07:29,R_2zAOEwFrzQLJeFR,anonymous,RU,0.8999999761581421,1,2,0,220,0,440,200,1,5,5,2,220,220,220,440,1,1,3,1,440,440,440,440,2,5,1,5,2,2,3,100,4,6,3,7,4,1,29,6,16,143,19,1,3,2,4,1
2022-09-18 21:56:43,2022-09-18 22:15:53,0,100,1150,1,2022-09-18 22:15:54,R_ZfTBin6ef61Xh4d,anonymous,RU,1,1,1,0,120,0,340,400,4,1,1,2,200,220,400,440,1,1,2,2,220,220,440,440,2,5,1,1,2,1,1,100,4,6,3,7,3,2,33,3,17,143,19,1,4,1,3,2
2022-09-18 22:10:55,2022-09-18 22:30:14,0,100,1159,1,2022-09-18 22:30:14,R_w10DHzANgnUUmAh,anonymous,RU,1,1,1,0,100,0,150,300,2,3,4,1,150,200,220,450,2,1,3,2,200,220,200,440,2,5,1,3,2,2,3,100,5,7,3,4,3,2,26,3,7,143,19,1,3,2,1,4
2022-09-18 22:12:27,2022-09-18 22:30:54,0,100,1106,1,2022-09-18 22:30:54,R_3sCQk1Ncv4SnMIN,anonymous,RU,1,1,3,0,0,0,0,200,2,2,3,2,0,0,0,440,1,1,3,3,0,220,0,440,2,3,3,3,2,1,3,200,4,6,3,6,5,2,67,7,15,143,19,1,1,3,2,4
2022-09-18 22:31:06,2022-09-18 22:52:48,0,100,1302,1,2022-09-18 22:52:49,R_3J9H8tARUJcFiCF,anonymous,RU,1,1,3,0,220,0,440,200,1,5,5,2,220,220,440,440,3,1,2,2,440,440,440,440,2,1,5,5,3,1,1,200,4,6,3,7,5,2,65,2,15,143,19,1,2,1,3,4
2022-09-18 23:03:35,2022-09-18 23:23:01,0,100,1166,1,2022-09-18 23:23:02,R_21BO7kuhLULsfdy,anonymous,RU,1,1,3,0,220,0,440,200,1,4,5,2,220,220,440,440,3,1,3,1,440,440,440,440,1,4,4,2,2,2,3,100,4,7,2,7,5,2,48,6,18,143,19,1,1,3,4,2
2022-09-18 23:09:22,2022-09-18 23:24:15,0,100,892,1,2022-09-18 23:24:15,R_3JIwaWguoSgiNl0,anonymous,RU,0.8999999761581421,1,1,0,220,0,440,400,2,3,1,1,220,220,440,440,1,2,3,2,220,440,440,440,1,5,1,5,3,2,3,150,4,6,3,7,5,2,43,4,16,143,19,1,1,3,4,2
2022-09-19 00:15:08,2022-09-19 00:30:30,0,100,922,1,2022-09-19 00:30:30,R_3JydWin0ovQ81eY,anonymous,RU,1,1,1,0,0,0,0,500,1,5,3,2,0,1000,0,1000,1,2,1,2,0,1000,0,1000,2,5,2,1,2,1,1,100,4,5,3,7,5,2,29,4,17,143,19,1,4,2,3,1
2022-09-19 04:29:58,2022-09-19 04:45:01,0,100,903,1,2022-09-19 04:45:03,R_3qvUwdWDQpI3tPD,anonymous,RU,0.8999999761581421,1,1,0,500,220,600,700,1,3,3,2,220,220,440,440,1,2,3,2,220,220,440,440,2,5,5,2,2,2,3,300,4,6,3,7,3,2,23,4,17,143,26,1,2,4,3,1
2022-09-19 05:52:14,2022-09-19 06:06:20,0,100,845,1,2022-09-19 06:06:20,R_wYMIOEHlYSmhTRT,anonymous,RU,1,1,3,220,220,220,220,200,5,5,3,2,220,220,220,220,3,2,2,3,220,440,220,440,2,5,5,4,2,2,2,200,4,6,3,7,5,2,43,3,15,143,19,1,4,2,3,1
2022-09-19 06:08:52,2022-09-19 06:27:33,0,100,1120,1,2022-09-19 06:27:33,R_1rB96M4wxGESyeN,anonymous,RU,0.8999999761581421,1,3,0,220,0,440,500,2,5,2,2,220,220,440,440,1,1,2,2,0,440,440,440,2,3,5,2,2,2,2,100,4,7,3,7,3,2,28,3,15,143,19,1,4,1,3,2
2022-09-19 06:15:50,2022-09-19 06:31:35,0,100,944,1,2022-09-19 06:31:36,R_1MZhV0ERVRDallh,anonymous,RU,1,1,1,0,220,0,220,200,1,3,3,1,220,220,220,440,3,1,2,1,440,440,440,440,1,3,3,3,2,1,3,100,4,6,2,7,4,2,50,3,16,143,19,1,4,2,1,3
2022-09-19 06:37:26,2022-09-19 06:52:24,0,100,897,1,2022-09-19 06:52:24,R_3kuCcqVXhuFPog8,anonymous,RU,0.8999999761581421,1,3,0,1000,0,2000,700,2,4,4,2,220,1000,220,1500,1,1,2,1,440,1000,440,1000,2,2,4,4,2,1,1,200,4,6,2,6,4,2,48,6,17,143,19,1,2,4,1,3
2022-09-19 07:14:12,2022-09-19 07:25:48,0,100,696,1,2022-09-19 07:25:49,R_3MSBJy9zMAxSVFT,anonymous,RU,0.8999999761581421,1,3,0,220,0,440,400,3,5,3,2,220,220,440,440,1,1,2,2,220,440,440,440,2,4,3,4,2,1,1,200,4,6,2,6,2,2,40,1,16,143,19,1,3,4,2,1
2022-09-19 08:06:10,2022-09-19 08:18:51,0,100,761,1,2022-09-19 08:18:51,R_1f0XjK3zOVnAJg0,anonymous,RU,0.8999999761581421,1,3,0,220,0,440,400,1,5,5,2,220,220,440,440,1,1,2,1,440,440,440,440,2,5,1,5,3,1,2,150,4,6,2,6,5,2,28,3,17,143,19,1,3,1,2,4
2022-09-19 08:44:44,2022-09-19 08:56:49,0,100,725,1,2022-09-19 08:56:49,R_0j5nppuiNdZj2eZ,anonymous,RU,0.8999999761581421,1,3,0,220,0,500,600,3,2,2,2,0,220,0,500,1,1,2,2,0,500,0,500,2,3,2,2,2,1,2,300,4,6,2,7,4,1,30,6,20,143,19,1,2,1,3,4
2022-09-19 08:45:53,2022-09-19 08:58:07,0,100,733,1,2022-09-19 08:58:09,R_XTHNQwuqZkD4lO1,anonymous,RU,1,1,3,0,220,0,440,200,1,5,5,2,220,220,220,440,3,1,3,2,440,500,440,500,2,2,3,3,2,1,3,150,4,6,3,7,4,2,39,3,15,143,19,1,4,2,1,3
2022-09-19 09:00:57,2022-09-19 09:09:27,0,100,510,1,2022-09-19 09:09:28,R_1GhtujUSOMeS0jT,anonymous,RU,0.8999999761581421,1,3,220,220,440,440,750,1,5,3,2,220,220,440,440,3,2,1,3,220,220,440,440,2,5,3,5,2,2,1,200,5,7,3,7,2,2,24,6,17,143,19,1,2,4,1,3
2022-09-19 08:47:36,2022-09-19 09:09:55,0,100,1338,1,2022-09-19 09:09:55,R_2bN8vuFxAJT5QIY,anonymous,RU,1,1,1,0,100,0,250,300,1,5,4,2,150,200,400,440,1,1,3,2,440,440,440,440,2,1,5,3,2,1,3,150,4,6,3,7,4,2,29,7,17,143,19,1,3,1,2,4
2022-09-19 10:26:48,2022-09-19 10:37:46,0,100,658,1,2022-09-19 10:37:47,R_2qD8iKt1cKvSBQA,anonymous,RU,0.8999999761581421,1,3,220,220,220,220,500,2,5,5,1,220,220,220,220,3,1,2,2,220,220,440,440,1,4,1,5,3,1,2,200,5,6,3,7,3,2,29,6,16,143,19,1,2,3,1,4
2022-09-19 12:14:22,2022-09-19 12:27:53,0,100,811,1,2022-09-19 12:27:53,R_zZl3nVZWqJDW7Rf,anonymous,RU,0.8999999761581421,1,1,220,440,440,440,200,1,4,2,1,220,220,220,440,1,2,3,3,220,440,440,440,1,1,4,2,3,2,2,100,6,7,3,6,3,2,54,1,18,143,19,1,3,4,1,2
2022-09-19 12:55:46,2022-09-19 13:09:19,0,100,813,1,2022-09-19 13:09:21,R_3QoKiZOiSn8aiCR,anonymous,RU,0.8999999761581421,1,1,0,220,0,440,300,1,5,5,2,220,300,220,440,3,1,2,1,440,440,440,440,2,5,1,1,2,2,1,50,4,5,2,7,3,2,21,7,15,143,19,1,3,1,4,2
2022-09-19 13:49:55,2022-09-19 14:08:31,0,100,1116,1,2022-09-19 14:08:33,R_09B7KSxN1Nh1MNX,anonymous,RU,0.8999999761581421,1,3,0,200,0,400,500,3,2,1,1,180,220,400,440,1,1,2,3,300,400,300,400,2,4,2,4,2,2,2,100,4,6,3,7,4,2,24,2,18,143,19,1,3,1,4,2
2022-09-19 13:59:01,2022-09-19 14:16:22,0,100,1041,1,2022-09-19 14:16:23,R_10o4eiRcvAEY8cl,anonymous,RU,0.8999999761581421,1,1,0,500,220,1000,500,5,3,2,2,220,500,220,1000,3,1,2,2,220,500,220,1000,2,5,3,2,2,1,1,500,4,6,3,7,3,2,34,6,16,143,19,1,3,1,2,4
2022-09-19 14:24:27,2022-09-19 14:38:05,0,100,818,1,2022-09-19 14:38:05,R_1PSDmSPzi7w2XBZ,anonymous,RU,0.8999999761581421,1,1,220,350,350,500,250,1,5,5,1,220,350,400,500,3,2,2,2,440,600,440,600,2,2,2,1,2,2,3,150,4,6,2,7,5,2,25,3,17,143,19,1,3,2,4,1
2022-09-19 15:24:58,2022-09-19 15:47:15,0,100,1336,1,2022-09-19 15:47:15,R_Cm16yrY4X7776q5,anonymous,RU,0.8999999761581421,1,3,0,220,0,440,100,1,5,5,1,220,220,220,220,3,1,2,3,440,440,440,440,2,1,5,5,3,2,1,100,5,6,2,7,3,2,54,2,18,143,19,1,1,3,2,4
2022-09-19 16:19:44,2022-09-19 16:34:44,0,100,899,1,2022-09-19 16:34:45,R_bJj5E8QsEpTAhkR,anonymous,RU,1,1,2,0,500,0,900,350,1,5,1,2,220,500,440,900,3,1,3,2,440,900,440,900,2,2,4,1,2,1,3,200,4,6,3,7,3,2,30,3,19,143,19,1,1,2,4,3
2022-09-19 16:48:50,2022-09-19 17:18:42,0,100,1791,1,2022-09-19 17:18:43,R_3nBneMeCcDC6fAB,anonymous,RU,1,1,3,220,220,440,440,300,1,2,1,1,220,220,440,440,1,1,3,2,440,440,440,440,2,1,2,1,1,2,3,100,7,6,2,7,3,2,60,4,18,143,19,1,2,4,3,1
2022-09-12 14:27:09,2022-09-12 17:45:49,0,19,11919,0,2022-09-19 18:23:02,R_3FUPOJLkCCLe1E1,anonymous,RU,0.8999999761581421,1,1,0,220,0,440,200,,,,,,,,,,,,,,,,,,,,,,,,,,,,,,,,,,,,,1,4,2,3
2022-09-19 18:23:00,2022-09-19 18:34:40,0,100,699,1,2022-09-19 18:34:40,R_2TmXE7DFgCWy29J,anonymous,RU,1,1,3,110,220,220,440,150,1,5,5,2,220,250,250,440,1,2,2,2,440,440,440,440,2,2,5,5,3,2,2,100,4,6,1,4,4,2,41,6,18,143,19,1,3,1,4,2
2022-09-19 19:10:37,2022-09-19 19:22:43,0,100,726,1,2022-09-19 19:22:44,R_2aJihDhDXWHbkvT,anonymous,RU,1,1,1,0,220,0,440,250,2,5,4,2,200,220,400,440,1,1,2,3,200,220,400,440,2,2,5,3,2,1,3,100,5,7,1,6,4,2,35,3,15,143,19,1,4,1,3,2
2022-09-19 19:46:45,2022-09-19 19:59:05,0,100,739,1,2022-09-19 19:59:05,R_eJKtCoL9Naz2b2V,anonymous,RU,0.800000011920929,1,3,0,220,0,440,300,1,5,5,2,220,220,440,440,1,1,3,1,220,440,440,440,2,5,1,4,2,1,3,200,4,6,2,7,4,1,42,3,15,143,19,1,4,3,2,1
2022-09-20 10:38:13,2022-09-20 10:54:54,0,100,1001,1,2022-09-20 10:54:55,R_PIfjdYlqXb22YcV,anonymous,RU,0.800000011920929,1,1,0,220,0,440,300,1,5,3,2,220,220,440,440,1,1,2,2,440,440,440,440,2,4,5,3,2,1,2,150,4,6,2,7,4,2,41,7,17,143,19,1,3,4,2,1
2022-09-20 13:35:38,2022-09-20 13:52:36,0,100,1017,1,2022-09-20 13:52:36,R_XSRDP7ZO7SjEoWB,anonymous,RU,0.8999999761581421,1,1,0,0,0,0,200,1,4,3,2,0,220,0,220,3,1,2,2,0,220,0,220,2,4,2,4,1,2,1,30,5,7,1,6,3,2,26,4,17,143,19,1,2,4,1,3
2022-09-20 14:32:42,2022-09-20 14:57:16,0,100,1474,1,2022-09-20 14:57:16,R_2VfEuEfcgiWTrxS,anonymous,RU,0.8999999761581421,1,1,0,220,0,220,300,1,5,5,1,220,509,440,1000,1,1,3,2,440,440,440,1000,1,5,1,1,2,1,3,300,4,7,3,7,4,2,43,7,17,143,19,1,1,3,2,4
2022-09-20 22:16:20,2022-09-20 22:30:48,0,100,868,1,2022-09-20 22:30:49,R_2zC5d0LW29qoj4e,anonymous,RU,0.8999999761581421,1,2,0,220,0,440,200,3,1,1,2,220,220,220,220,3,2,3,2,440,440,440,440,2,3,3,1,2,1,2,100,7,7,3,7,1,2,37,2,16,143,19,1,1,4,2,3
2022-09-21 20:44:36,2022-09-21 21:02:19,0,100,1063,1,2022-09-21 21:02:20,R_BJ0W8ghZRekhHgZ,anonymous,RU,0.8999999761581421,1,1,0,200,0,200,200,1,5,5,2,220,220,440,440,1,2,3,3,440,500,440,500,2,3,4,1,2,2,3,70,4,6,2,7,5,1,51,6,16,143,19,1,2,4,1,3
2022-09-21 23:39:00,2022-09-21 23:49:10,0,100,610,1,2022-09-21 23:49:12,R_3EoJf82KotCzQ49,anonymous,RU,0.8999999761581421,1,1,0,300,0,500,500,1,5,1,2,0,300,0,500,1,2,2,2,440,500,0,440,2,2,3,2,2,2,2,100,4,4,2,4,3,2,22,4,16,143,19,1,1,4,3,2
2022-09-22 17:46:47,2022-09-22 18:13:41,0,100,1614,1,2022-09-22 18:13:42,R_5AYykZFZerSDXEt,anonymous,RU,1,1,1,0,220,0,440,500,1,4,4,2,0,300,0,440,1,1,2,2,0,440,0,500,2,3,2,2,2,1,3,200,4,6,3,7,4,2,22,3,14,143,19,1,4,1,3,2
2022-09-22 21:02:16,2022-09-22 21:14:00,0,100,703,1,2022-09-22 21:14:00,R_1FEY06BqEaX0z5m,anonymous,RU,1,1,3,110,220,220,440,500,1,5,5,1,220,220,220,440,3,2,3,2,440,500,440,440,2,4,3,1,2,2,3,150,4,6,2,7,5,2,18,1,11,143,19,1,1,3,2,4
2022-09-22 21:39:09,2022-09-22 22:01:58,0,100,1369,1,2022-09-22 22:01:58,R_1IbniNDE7hAdYz3,anonymous,RU,,1,1,0,100,0,100,200,1,5,5,2,0,220,0,440,1,2,2,2,0,200,0,200,2,1,5,4,2,2,2,100,4,6,3,7,3,2,22,3,12,143,19,1,1,4,2,3
2022-09-24 00:59:09,2022-09-24 01:13:51,0,100,881,1,2022-09-24 01:13:51,R_5bAYpdRmFuEpoNb,anonymous,RU,1,1,1,0,220,0,440,400,2,3,2,1,220,320,440,600,1,1,2,2,440,440,440,600,2,2,3,2,1,2,2,90,5,7,3,7,4,2,18,7,12,143,26,1,4,1,3,2
2022-09-24 17:55:01,2022-09-25 12:30:14,0,100,66913,1,2022-09-25 12:30:14,R_33qWZlssaqikbT2,anonymous,RU,0.8999999761581421,1,1,0,200,0,220,270,1,5,5,2,220,220,220,330,1,2,3,2,220,440,440,440,2,1,3,3,2,2,1,150,4,6,3,7,4,2,32,7,17,143,19,1,2,4,1,3
2022-09-18 17:52:59,2022-09-18 17:53:31,0,8,32,0,2022-09-25 17:53:33,R_2Xhtth1OKcn4V5V,anonymous,RU,1,1,,,,,,,,,,,,,,,,,,,,,,,,,,,,,,,,,,,,,,,,,,,2,1,3,4
2022-09-18 18:23:52,2022-09-18 18:24:29,0,3,36,0,2022-09-25 18:24:35,R_1QAhyrlO2bH8cij,anonymous,RU,1,1,,,,,,,,,,,,,,,,,,,,,,,,,,,,,,,,,,,,,,,,,,,,,,
2022-09-18 18:21:44,2022-09-18 18:33:21,0,33,696,0,2022-09-25 18:33:29,R_3MhP2cyexHjHHxM,anonymous,RU,1,1,,,,,,,,,,,,,,,,,,2,440,500,440,500,2,3,1,5,2,1,3,500,,,,,,,,,,,,,4,3,2,1
2022-09-18 19:13:24,2022-09-18 19:13:59,0,8,34,0,2022-09-25 19:14:08,R_t0bNPoJELBWa0Fz,anonymous,RU,0.8999999761581421,1,,,,,,,,,,,,,,,,,,,,,,,,,,,,,,,,,,,,,,,,,,,2,1,3,4
2022-09-18 19:29:54,2022-09-18 19:32:51,0,19,176,0,2022-09-25 19:32:56,R_27BbHFdv5j7IJXs,anonymous,RU,1,1,,,,,,,,,,,,,,,,,,,,,,,,,,,2,2,1,100,,,,,,,,,,,,,3,2,4,1
2022-09-18 19:52:32,2022-09-18 19:55:21,0,28,168,0,2022-09-25 19:55:22,R_3n9kBzFn5x4CDqz,anonymous,RU,1,1,3,0,200,200,400,750,3,2,3,2,,,,,,,,2,,,,,,,,,,,,,,,,,,,,,,,,,1,3,2,4
2022-09-18 19:49:35,2022-09-18 20:01:18,0,42,703,0,2022-09-25 20:01:22,R_Q02XqFkYzBdzuhj,anonymous,RU,1,1,3,0,250,0,450,200,1,4,4,2,0,250,0,450,1,2,3,2,,,,,,,,,,,,,,,,,,,,,,,,,1,2,3,4
2022-09-18 19:58:48,2022-09-18 20:11:19,0,61,750,0,2022-09-25 20:11:21,R_30vgIz9AtYEcabq,anonymous,RU,0.8999999761581421,1,1,0,440,0,660,450,1,5,3,1,220,440,440,660,1,2,,2,220,880,440,880,1,1,4,1,1,1,3,250,,,,,,,,,,,,,2,4,1,3
2022-09-18 20:39:25,2022-09-18 20:42:31,0,17,185,0,2022-09-25 20:42:35,R_WprNko126ptfv5n,anonymous,RU,0.8999999761581421,1,,,,,,,,,,,,,,,,,,,,,,,,,,,3,2,1,,,,,,,,,,,,,,4,3,2,1
2022-09-18 20:49:09,2022-09-18 20:58:25,0,53,556,0,2022-09-25 20:58:28,R_2CTGmll1GjSmLjS,anonymous,RU,0.4000000059604645,1,2,0,220,0,440,500,3,3,3,2,0,220,0,440,3,1,2,3,,,,,,,,,2,1,3,500,,,,,,,,,,,,,1,2,4,3
2022-09-18 21:24:42,2022-09-18 21:27:17,0,3,154,0,2022-09-25 21:27:23,R_2tgR1ZPjORHW5uI,anonymous,RU,0.8999999761581421,1,,,,,,,,,,,,,,,,,,,,,,,,,,,,,,,,,,,,,,,,,,,,,,
2022-09-18 21:32:13,2022-09-18 21:33:22,0,11,68,0,2022-09-25 21:33:23,R_10IshPLeHg8NPQb,anonymous,RU,0.8999999761581421,1,1,,,,,,,,,,,,,,,,,,,,,,,,,,,,,,,,,,,,,,,,,,1,3,4,2
2022-09-18 21:20:34,2022-09-18 21:36:04,0,81,929,0,2022-09-25 21:36:06,R_3nCQJPYogNP3NjY,anonymous,RU,1,1,1,0,500,0,800,500,1,5,1,2,220,500,440,800,1,1,2,3,220,500,440,800,1,5,1,5,2,2,1,100,4,6,3,4,4,,,,,,,,3,2,4,1
2022-09-18 19:46:28,2022-09-18 21:54:06,0,36,7657,0,2022-09-25 21:54:11,R_2ToaaRjT9IDX989,anonymous,RU,0.8999999761581421,1,3,220,220,440,440,500,4,3,3,2,,,,,,,,,,,,,,,,,2,2,2,200,,,,,,,,,,,,,1,3,4,2
2022-09-18 22:02:58,2022-09-18 22:03:53,0,6,54,0,2022-09-25 22:03:54,R_2y7UI9jl8chfKvQ,anonymous,RU,1,1,,,,,,,,,,,,,,,,,,,,,,,,,,,,,,,,,,,,,,,,,,,,,,
2022-09-18 23:21:00,2022-09-18 23:24:45,0,19,224,0,2022-09-25 23:24:45,R_1QoKB9ngQDTfdEy,anonymous,RU,1,1,,,,,,,,,,,,,,,,,,2,1,220,1,400,2,,,,,,,,,,,,,,,,,,,,3,2,1,4
2022-09-18 23:19:49,2022-09-18 23:29:15,0,28,566,0,2022-09-25 23:29:19,R_2QimJlp3XCp3u2G,anonymous,RU,1,1,3,220,350,0,550,1000,2,5,3,1,,,,,,,,1,,,,,,,,,,,,,,,,,,,,,,,,,1,4,2,3
2022-09-19 00:36:38,2022-09-19 00:41:24,0,33,285,0,2022-09-26 00:41:28,R_9zRcWmWmEDvfdUB,anonymous,RU,0.8999999761581421,1,,,,,,,,,,,220,230,220,440,2,1,,1,220,220,440,440,2,5,1,1,,,,,,,,,,,,,,,,,3,2,1,4
2022-09-19 01:02:57,2022-09-19 01:13:20,0,61,622,0,2022-09-26 01:13:25,R_3n8xXBAkueNYmzq,anonymous,RU,0.8999999761581421,1,3,100,220,200,440,200,5,4,1,2,220,250,440,500,2,2,2,2,300,440,440,500,2,3,5,1,2,2,2,,,,,,,,,,,,,,3,1,2,4
2022-09-19 07:44:58,2022-09-19 07:51:23,0,47,384,0,2022-09-26 07:51:25,R_12bEIJ41SynAnF7,anonymous,RU,1,1,1,220,250,400,450,600,3,2,2,,,,,,,,,1,440,460,440,460,2,5,3,2,3,1,1,200,,,,,,,,,,,,,3,4,1,2
2022-09-19 07:52:07,2022-09-19 07:55:43,0,11,216,0,2022-09-26 07:55:46,R_Wk4DDzrwwci127L,anonymous,RU,0.8999999761581421,1,,,,,,,,,,,,,,,,,,1,,,,,,,,,,,,,,,,,,,,,,,,,3,2,1,4
2022-09-19 08:05:03,2022-09-19 08:09:00,0,22,236,0,2022-09-26 08:09:00,R_3NKv7v7ULNBzE29,anonymous,RU,0.8999999761581421,1,,,,,,,,,,,,,,,,,,2,0,220,220,220,1,1,3,5,,,,,,,,,,,,,,,,,4,2,1,3
2022-09-26 14:25:14,2022-09-26 14:34:51,0,100,576,1,2022-09-26 14:34:52,R_1OuvPEuM6uuAhtr,anonymous,RU,1,1,2,0,220,0,440,500,4,1,3,1,0,220,0,440,1,2,1,2,0,440,0,440,1,4,2,3,2,1,1,500,4,6,3,7,3,2,27,6,16,143,19,1,1,4,3,2
2022-09-18 14:53:02,2022-09-19 18:44:45,0,8,100303,0,2022-09-26 18:44:47,R_2AQftTYly2hBgPD,anonymous,RU,1,1,,,,,,,,,,,,,,,,,,,,,,,,,,,,,,,,,,,,,,,,,,,2,1,3,4
2022-09-19 21:39:59,2022-09-19 21:46:39,0,36,400,0,2022-09-26 21:46:43,R_1CwtQ9qKBj7tQt2,anonymous,RU,1,1,,,,,,,,,,,220,220,220,220,2,2,3,2,,,,,,,,,2,2,3,200,,,,,,,,,,,,,4,2,3,1
2022-09-27 22:26:38,2022-09-27 23:51:27,0,100,5089,1,2022-09-28 00:06:28,R_3q7FiLxTf6DLG3Q,anonymous,EN,1,1,3,0,220,0,440,1000,1,5,1,2,220,220,440,440,1,2,3,2,440,500,440,440,2,1,4,1,3,2,3,400,4,7,3,6,4,2,31,7,21,66,7,1,4,3,2,1
2022-09-26 14:24:58,2022-09-30 09:48:50,0,100,329031,1,2022-09-30 09:48:50,R_3nPJjSuToY7Ypk0,anonymous,RU,1,1,3,0,220,0,440,500,2,3,4,2,150,240,350,500,1,1,3,3,440,440,400,440,2,4,1,2,2,1,3,120,4,6,3,7,3,2,26,5,17,84,19,1,3,2,4,1
2022-09-30 09:55:34,2022-09-30 10:08:24,0,100,769,1,2022-09-30 10:08:24,R_wSgYB7sSyCfjGA9,anonymous,RU,0.8999999761581421,1,1,0,0,0,0,500,3,1,3,2,220,220,220,220,1,2,2,1,440,440,440,440,2,3,1,3,2,2,1,300,4,6,2,7,4,2,26,6,15,143,19,1,2,4,3,1
2022-09-30 10:08:48,2022-09-30 10:34:20,0,100,1532,1,2022-09-30 10:34:21,R_1nUc7ktnKzax3IX,anonymous,RU,0.8999999761581421,1,1,0,0,0,0,500,3,3,3,2,0,220,0,220,3,1,2,2,0,220,0,440,2,3,2,3,3,1,1,300,4,6,3,7,3,2,26,5,16.5,143,19,1,2,1,4,3
2022-09-24 01:13:59,2022-09-24 01:14:19,0,11,20,0,2022-10-01 01:14:20,R_2xK2Qe8b32ATjqM,anonymous,RU,1,1,1,,,,,,,,,,,,,,,,,,,,,,,,,,,,,,,,,,,,,,,,,,1,3,4,2
2022-10-01 06:34:31,2022-10-01 07:18:45,0,100,2654,1,2022-10-01 07:18:46,R_3HODCoCuHDHiZ9C,anonymous,EN,1,1,2,220,220,440,440,4,2,3,1,1,220,220,440,440,1,1,2,2,440,440,440,440,1,1,2,2,2,1,2,4,4,6,3,7,5,2,42,3,16,66,7,1,1,2,4,3
2022-09-25 12:27:13,2022-09-25 12:30:59,0,33,226,0,2022-10-02 12:31:07,R_1odJH3MQlUy5H2W,anonymous,RU,0.8999999761581421,1,3,0,0,0,0,2000,,,,,,,,,,,,1,220,220,440,440,2,3,1,1,,,,,,,,,,,,,,,,,2,3,1,4
2022-09-30 09:52:02,2022-09-30 11:00:43,0,3,4120,0,2022-10-07 11:01:31,R_3rHeTEX1FuaubFP,anonymous,RU,1,1,,,,,,,,,,,,,,,,,,,,,,,,,,,,,,,,,,,,,,,,,,,,,,
2022-09-30 14:39:54,2022-09-30 14:41:47,0,11,113,0,2022-10-07 14:41:48,R_1JR89deCkwCSkJE,anonymous,RU,0.8999999761581421,1,,,,,,,,,,,,,,,,,,2,,,,,,,,,,,,,,,,,,,,,,,,,3,4,1,2
2022-10-05 05:50:19,2022-10-05 05:50:42,0,6,22,0,2022-10-12 05:50:47,R_vjhrdpvK2KzWzIJ,anonymous,RU,1,1,,,,,,,,,,,,,,,,,,,,,,,,,,,,,,,,,,,,,,,,,,,,,,
2022-10-06 08:27:23,2022-10-06 08:28:01,0,8,37,0,2022-10-13 08:28:04,R_296Z99wRgypEqrN,anonymous,RU,0.8999999761581421,1,,,,,,,,,,,,,,,,,,,,,,,,,,,,,,,,,,,,,,,,,,,3,1,4,2
2022-10-16 20:22:20,2022-10-16 21:05:59,0,100,2618,1,2022-10-16 21:05:59,R_2uCjEWF4MSJ6icM,anonymous,RU,1,1,1,0,220,0,440,300,1,5,5,1,220,250,440,450,2,1,2,2,220,440,440,440,2,3,3,1,2,1,1,100,4,6,2,7,3,2,18,1,11,143,19,1,3,1,4,2
2022-10-11 00:02:31,2022-10-11 00:04:48,0,11,136,0,2022-10-18 00:04:55,R_3PENFqwANAlAI4Q,anonymous,RU,1,1,,,,,,,,,,,,,,,,,,1,,,,,,,,,,,,,,,,,,,,,,,,,2,3,1,4
2022-10-18 17:23:46,2022-10-18 17:39:49,0,100,962,1,2022-10-18 17:39:50,R_1ltzETT4igHWD6X,anonymous,RU,0.8999999761581421,1,2,0,220,0,440,1000,3,3,3,2,220,500,440,800,3,1,3,3,440,800,440,800,2,5,3,3,3,1,3,200,4,6,2,5,5,1,22,3,13,143,19,1,4,2,1,3
2022-10-18 17:37:51,2022-10-18 17:50:38,0,100,766,1,2022-10-18 17:50:39,R_10DCFeFI92fCdyN,anonymous,RU,0.8999999761581421,1,1,0,220,220,440,1000,4,4,4,1,0,220,220,440,3,2,3,3,0,220,220,440,1,2,4,4,3,2,1,300,4,6,2,7,4,2,22,5,15,143,19,1,1,4,2,3
2022-10-18 17:56:09,2022-10-18 18:06:49,0,100,640,1,2022-10-18 18:06:50,R_3IT5u4vzLtz3G4p,anonymous,RU,1,1,1,0,220,0,440,500,1,5,3,2,220,220,440,440,1,1,1,2,440,440,440,440,2,2,5,3,2,1,1,100,4,6,2,7,5,2,26,6,16,143,19,1,1,4,3,2
2022-10-18 17:19:48,2022-10-18 18:12:05,0,100,3137,1,2022-10-18 18:12:07,R_3Odm9RpmgNM1hai,anonymous,RU,1,1,1,0,300,0,600,500,1,5,3,2,200,400,400,800,1,1,2,2,400,500,400,800,2,5,1,5,2,1,2,150,4,6,2,6,5,1,21,5,11,143,19,1,3,4,2,1
2022-10-18 18:16:49,2022-10-18 18:31:26,0,100,877,1,2022-10-18 18:31:28,R_2TyNff1aAWpAi2i,anonymous,RU,1,1,3,0,0,0,0,1500,1,5,1,1,0,350,0,600,1,1,2,2,0,350,0,550,1,5,1,1,2,1,2,300,4,7,3,7,5,2,20,2,13,143,19,1,2,1,4,3
2022-10-18 17:20:22,2022-10-18 18:32:35,0,100,4332,1,2022-10-18 18:32:35,R_pgzuXpussX7eHpD,anonymous,RU,1,1,3,220,400,440,700,1000,1,1,5,1,220,500,440,800,2,2,2,1,220,500,440,1000,1,1,5,1,2,2,2,100,7,7,3,7,5,2,20,3,14,143,19,1,2,4,3,1
2022-10-18 18:02:18,2022-10-18 18:34:37,0,100,1939,1,2022-10-18 18:34:37,R_1f7dSg4zYDFiGdR,anonymous,RU,1,1,1,0,220,0,440,800,1,4,5,2,0,220,0,440,1,1,3,2,220,440,220,440,2,3,3,4,2,1,3,500,7,7,3,7,5,2,30,7,16,143,19,1,2,4,3,1
2022-10-18 20:57:39,2022-10-18 21:38:05,0,100,2425,1,2022-10-18 21:38:05,R_3lubSQw8FlNoHwK,anonymous,RU,1,1,3,200,220,400,440,400,5,1,5,2,200,220,400,440,3,1,1,1,220,440,400,440,1,5,1,5,2,1,1,200,4,6,3,7,5,1,21,3,15,143,19,1,4,1,3,2
2022-10-19 14:19:57,2022-10-19 14:32:29,0,100,752,1,2022-10-19 14:32:31,R_O3FdT04ZuLW0OFb,anonymous,RU,1,1,1,220,220,220,440,100,1,5,1,2,220,220,220,440,1,1,2,2,220,220,440,440,2,1,5,5,2,1,2,100,7,7,3,7,5,1,61,3,15,143,19,1,3,1,4,2
2022-10-19 19:43:01,2022-10-19 20:02:57,0,100,1196,1,2022-10-19 20:02:59,R_qx4EsJvyphJpZXr,anonymous,RU,1,1,3,220,220,440,440,200,2,4,2,1,220,220,220,440,3,2,3,3,440,660,440,440,1,3,2,2,2,1,1,50,4,6,3,7,4,2,74,3,15,143,19,1,2,4,3,1
2022-10-20 19:13:04,2022-10-20 19:32:29,0,100,1164,1,2022-10-20 19:32:29,R_12MxGUg61Py0pxf,anonymous,RU,1,1,1,0,0,0,0,1000,1,5,5,2,0,220,0,220,1,2,2,2,0,440,0,440,2,1,5,5,2,1,2,1000,4,6,2,5,5,1,42,3,7,143,19,1,4,2,3,1
2022-10-22 09:27:19,2022-10-22 09:39:28,0,100,728,1,2022-10-22 09:39:28,R_3fiwmw6p2SkX883,anonymous,RU,1,1,1,0,220,0,440,300,3,4,5,2,0,220,0,440,1,1,2,2,440,440,440,440,2,2,4,5,2,1,1,300,4,6,2,7,4,1,48,6,28,143,19,1,4,1,3,2
2022-10-23 12:41:57,2022-10-23 12:49:08,0,100,431,1,2022-10-23 12:49:09,R_3NOsUWrL2QDSvZR,anonymous,RU,0.8999999761581421,1,1,220,440,440,880,50,1,5,1,2,220,440,440,880,1,2,1,2,440,880,440,880,2,1,5,1,2,2,1,50,4,6,1,4,5,1,74,3,19,143,19,1,1,2,3,4
2022-10-26 20:26:57,2022-10-26 20:39:04,0,100,726,1,2022-10-26 20:39:06,R_1NepOqNJZojHBmT,anonymous,RU,0.8999999761581421,1,1,0,0,0,0,500,1,3,3,2,0,220,0,220,3,2,3,3,0,200,100,400,2,3,3,4,2,1,3,100,4,6,2,6,5,2,36,6,22,143,19,1,2,1,4,3
2022-10-26 20:34:12,2022-10-26 20:46:14,0,100,722,1,2022-10-26 20:46:14,R_1rBb3hkarvwY5wS,anonymous,RU,0.8999999761581421,1,3,0,0,0,0,200,2,4,2,2,220,220,440,440,3,1,1,3,220,220,440,440,2,5,1,5,2,1,1,200,4,6,2,7,3,2,44,6,19,143,19,1,3,1,2,4
2022-10-26 20:39:09,2022-10-26 20:48:53,0,100,583,1,2022-10-26 20:48:53,R_2pQeZtJUxn2VxdQ,anonymous,RU,1,1,3,0,0,0,0,100,1,5,5,2,0,220,0,220,3,2,3,2,0,220,0,440,2,5,1,3,2,2,3,100,4,6,3,7,5,2,46,6,18,187,19,1,3,4,1,2
2022-10-26 20:49:58,2022-10-26 21:00:22,0,100,624,1,2022-10-26 21:00:24,R_2vZheIHRofvRZTK,anonymous,RU,0.699999988079071,1,3,0,220,0,440,500,1,3,5,1,220,220,440,440,3,1,3,2,440,440,440,440,2,4,2,2,2,1,3,300,4,6,2,4,3,2,40,6,20,143,19,1,4,1,3,2
2022-10-26 20:56:35,2022-10-26 21:11:53,0,100,918,1,2022-10-26 21:11:54,R_2SqAcx4SnQUNNFf,anonymous,RU,0.8999999761581421,1,2,0,0,0,0,1000,1,5,1,1,0,0,200,200,1,1,3,1,220,220,440,440,2,5,5,5,2,1,1,500,6,6,1,7,4,2,40,6,6,84,19,1,4,1,2,3
2022-10-26 21:02:55,2022-10-26 21:14:48,0,100,713,1,2022-10-26 21:14:49,R_3Pq48BajlvBM8AU,anonymous,RU,0.8999999761581421,1,2,0,0,0,0,700,4,2,5,2,220,220,220,220,2,1,2,1,220,220,440,440,2,5,1,5,2,1,2,100,7,7,3,7,1,2,32,6,18,143,19,1,1,3,2,4
2022-10-26 21:11:43,2022-10-26 21:22:33,0,100,650,1,2022-10-26 21:22:35,R_1OZzZ0q6EUkNcgg,anonymous,RU,0.8999999761581421,1,1,0,0,0,0,300,1,5,5,2,220,220,440,440,1,1,3,3,220,220,440,440,2,3,5,1,2,1,3,100,4,7,3,7,5,2,31,6,16,143,19,1,4,3,1,2
2022-10-26 21:44:57,2022-10-26 21:52:35,0,100,458,1,2022-10-26 21:52:35,R_u21JKwy0vcrOwUh,anonymous,RU,0.8999999761581421,1,1,0,220,0,440,300,1,5,5,1,220,220,440,440,1,1,3,2,440,440,440,440,2,5,1,5,2,1,1,100,4,6,3,7,3,2,45,6,15,143,19,1,4,2,1,3
2022-10-26 22:06:16,2022-10-26 22:13:20,0,100,424,1,2022-10-26 22:13:21,R_Q6rrSjyB6Me18eB,anonymous,RU,0.8999999761581421,1,1,0,0,0,0,1000,5,1,3,1,0,220,0,440,2,1,3,2,0,440,0,440,2,5,1,3,2,1,3,200,4,6,3,7,5,2,31,6,19,143,19,1,3,1,2,4
2022-10-26 23:04:08,2022-10-26 23:10:53,0,100,405,1,2022-10-26 23:10:55,R_0p8geysyObishIR,anonymous,RU,1,1,1,0,220,0,440,500,1,5,5,2,220,500,440,800,1,1,3,3,440,800,0,440,2,5,1,2,2,2,1,100,4,6,2,7,4,2,34,3,19,83,19,1,1,4,2,3
2022-10-26 23:04:30,2022-10-26 23:18:59,0,100,868,1,2022-10-26 23:19:00,R_3pByv3WtXIzRHPP,anonymous,RU,1,1,1,0,0,0,0,500,1,5,5,1,0,220,0,440,2,1,1,2,220,220,440,440,1,1,5,5,2,1,1,200,4,6,2,4,5,1,49,6,22,143,19,1,1,4,3,2
2022-10-26 23:34:28,2022-10-26 23:47:29,0,100,780,1,2022-10-26 23:47:31,R_Os87tiEOqsj7nd7,anonymous,RU,1,1,1,0,220,0,440,350,1,5,5,2,220,220,440,440,1,1,2,3,220,220,440,440,2,3,3,3,3,1,1,100,4,6,3,7,5,2,44,6,19,65,19,1,4,1,2,3
2022-10-27 02:44:24,2022-10-27 03:00:30,0,100,966,1,2022-10-27 03:00:31,R_2Qm4Mj97S5zb8ho,anonymous,RU,0.8999999761581421,1,1,110,440,220,880,500,2,4,4,1,0,440,440,880,1,2,3,2,440,880,880,1720,1,5,1,5,2,1,3,150,4,6,2,7,4,2,45,6,21,143,19,1,2,3,4,1
2022-10-27 02:48:12,2022-10-27 03:03:34,0,100,922,1,2022-10-27 03:03:34,R_XkckmNsQPS5oFu9,anonymous,RU,0.8999999761581421,1,1,0,220,0,440,200,4,4,1,2,220,220,440,440,1,1,2,3,220,220,440,440,2,4,2,2,2,1,1,120,4,6,3,6,4,2,25,4,17,143,19,1,1,4,3,2
2022-10-27 03:08:07,2022-10-27 03:17:41,0,100,574,1,2022-10-27 03:17:43,R_2larvWpQPlT98Bz,anonymous,RU,0.8999999761581421,1,2,0,220,220,440,500,1,5,2,2,0,220,220,440,1,1,3,1,220,440,440,440,1,3,2,3,1,1,1,150,4,6,3,7,3,2,32,6,18,31,19,1,1,4,3,2
2022-10-27 05:25:25,2022-10-27 05:38:27,0,100,781,1,2022-10-27 05:38:28,R_2ykfYFoOPmVUOtG,anonymous,RU,0.699999988079071,1,1,0,0,0,0,10000,4,2,2,2,220,220,440,440,1,1,3,1,440,440,440,440,2,4,1,2,2,1,1,1000,4,6,2,4,3,2,37,6,15,143,19,1,1,3,4,2
2022-10-27 08:25:12,2022-10-27 08:36:53,0,100,700,1,2022-10-27 08:36:53,R_2scnRClblNQp7MB,anonymous,RU,1,1,1,0,220,0,220,300,2,4,1,2,200,220,200,220,1,1,1,2,200,220,200,220,2,4,1,2,2,1,1,150,4,6,3,7,5,2,43,3,15,143,19,1,3,2,1,4
2022-10-27 10:17:49,2022-10-27 10:32:35,0,100,886,1,2022-10-27 10:32:35,R_2TFqo0aYPTLs8QM,anonymous,RU,0.8999999761581421,1,1,0,220,0,440,500,2,3,3,1,0,220,0,220,1,1,2,1,0,440,0,440,2,5,2,1,2,1,2,100,4,6,2,7,1,2,36,5,15,143,19,1,1,2,3,4
2022-10-27 11:02:01,2022-10-27 11:20:11,0,100,1090,1,2022-10-27 11:20:12,R_2Uf5H056OMARjk8,anonymous,RU,0.8999999761581421,1,2,0,220,0,440,200,1,4,4,2,220,220,220,440,1,2,1,2,440,440,440,440,2,5,4,2,2,2,1,100,4,4,2,6,3,2,23,7,12,143,19,1,1,3,2,4
2022-10-20 11:39:27,2022-10-20 11:40:29,8,3,61,0,2022-10-27 11:41:55,R_Tjb4eRL5OswyiIx,anonymous,RU,0.699999988079071,1,,,,,,,,,,,,,,,,,,,,,,,,,,,,,,,,,,,,,,,,,,,,,,
2022-10-27 15:55:05,2022-10-27 16:25:58,0,100,1852,1,2022-10-27 16:25:58,R_3GBa4XP3qNcNVqc,anonymous,RU,0.8999999761581421,1,1,0,220,0,440,500,2,4,5,2,0,220,0,440,1,1,2,2,0,220,0,440,2,4,2,5,1,1,2,500,4,6,2,7,3,2,27,5,17,143,19,1,2,4,1,3
2022-10-27 18:58:00,2022-10-27 19:10:06,0,100,725,1,2022-10-27 19:10:06,R_2XmSjhDaMVNes1m,anonymous,RU,0.8999999761581421,1,3,0,220,0,440,200,1,5,5,1,220,220,440,440,3,1,2,2,400,400,400,400,2,5,2,2,2,2,1,120,4,6,3,7,5,1,32,3,13,143,19,1,3,4,1,2
2022-10-27 19:18:23,2022-10-27 19:37:45,0,100,1162,1,2022-10-27 19:37:45,R_3lKquuYidKxULGw,anonymous,RU,0.8999999761581421,1,1,0,420,0,840,400,1,4,5,2,0,440,0,640,1,1,2,2,0,840,0,1040,2,5,1,3,1,1,1,100,4,6,2,6,3,2,27,5,16,179,19,1,2,4,1,3
2022-10-27 19:36:02,2022-10-27 19:43:28,0,100,445,1,2022-10-27 19:43:29,R_1pyhxrMFbcuRDde,anonymous,RU,0.8999999761581421,1,1,0,200,0,400,120,1,4,4,2,110,220,220,440,1,1,3,2,220,440,220,440,2,1,4,2,2,1,3,60,4,6,2,7,3,1,23,1,15,143,19,1,2,3,4,1
2022-10-27 19:12:43,2022-10-27 20:09:42,0,100,3418,1,2022-10-27 20:09:42,R_1Dv6HkoQ2hCuXze,anonymous,RU,1,1,1,200,500,400,1000,1000,1,5,5,2,220,400,440,1000,1,1,2,2,440,1000,440,1000,2,5,5,1,2,1,2,50,4,6,2,6,4,1,33,6,19,65,19,1,1,2,4,3
2022-10-27 20:03:58,2022-10-27 20:11:42,0,100,463,1,2022-10-27 20:11:42,R_22Wy6m70fO1aiWj,anonymous,RU,0.8999999761581421,1,3,0,0,0,0,200,1,5,5,1,220,220,220,220,2,2,2,2,440,440,440,440,1,3,2,2,2,2,1,100,4,6,2,6,3,2,27,5,15,143,19,1,1,3,2,4
2022-10-27 20:05:40,2022-10-27 20:39:28,0,100,2027,1,2022-10-27 20:39:28,R_1d06irqlkWLr1N1,anonymous,RU,0.8999999761581421,1,1,0,220,0,440,300,1,4,4,2,220,220,220,440,3,2,2,2,220,440,440,440,2,2,3,3,2,2,1,100,4,6,3,7,4,2,30,7,16,143,19,1,2,4,3,1
2022-10-27 20:34:39,2022-10-27 20:43:04,0,100,505,1,2022-10-27 20:43:04,R_2scZZoqkgWmQ3d5,anonymous,RU,1,1,1,0,220,0,440,500,3,2,4,2,0,220,0,220,3,1,2,2,440,440,440,440,2,5,1,5,2,2,1,100,4,6,3,7,5,2,27,5,15,143,19,1,1,3,2,4
2022-10-27 20:29:05,2022-10-27 20:46:51,0,100,1066,1,2022-10-27 20:46:52,R_1jUIYoQxWNg7eDa,anonymous,RU,1,1,3,0,220,0,440,500,2,4,1,1,0,220,0,220,2,1,2,2,0,440,0,440,1,3,4,2,2,2,2,150,4,6,2,4,5,2,27,3,16,143,19,1,1,4,3,2
2022-10-27 20:48:03,2022-10-27 21:02:06,0,100,842,1,2022-10-27 21:02:06,R_3JCxAzTBo2zddxq,anonymous,RU,0.8999999761581421,1,1,0,0,0,0,200,5,1,5,2,0,220,0,440,1,1,2,1,0,220,0,440,2,5,1,5,2,1,2,100,4,6,3,7,3,2,45,5,16,143,19,1,2,4,3,1
2022-10-27 20:58:59,2022-10-27 21:11:10,0,100,731,1,2022-10-27 21:11:10,R_2PjNxQWXGr3Yru7,anonymous,RU,0.8999999761581421,1,1,0,220,0,440,400,2,5,4,2,0,220,0,440,3,1,3,2,0,440,0,440,2,4,2,3,2,2,1,200,4,6,3,7,4,2,35,5,18,143,19,1,3,4,1,2
2022-10-27 21:48:45,2022-10-27 22:05:04,0,100,978,1,2022-10-27 22:05:04,R_2xRDlnPVuubyrCT,anonymous,RU,1,1,3,0,0,0,0,200,1,5,5,1,220,220,220,220,3,1,3,2,220,440,440,440,2,1,5,2,2,1,3,100,4,6,3,7,4,2,31,3,17,143,19,1,2,4,1,3
2022-10-27 22:03:47,2022-10-27 22:16:16,0,100,749,1,2022-10-27 22:16:16,R_qFt0g3uFu7EJI6B,anonymous,RU,0.8999999761581421,1,1,0,220,0,220,400,3,3,3,1,220,320,220,440,1,2,3,2,440,440,440,440,1,3,3,3,3,2,3,100,4,6,2,5,4,2,34,7,16,143,19,1,3,1,2,4
2022-10-27 22:31:18,2022-10-27 22:45:49,0,100,870,1,2022-10-27 22:45:51,R_1jKiri5t2Zx7Pf9,anonymous,RU,1,1,1,0,0,0,0,500,1,5,5,2,0,220,0,220,2,1,3,2,0,440,0,440,2,2,4,1,1,1,3,200,4,6,2,7,3,2,37,6,16,143,19,1,4,3,2,1
2022-10-27 23:02:41,2022-10-27 23:37:29,0,100,2087,1,2022-10-27 23:37:30,R_3kwcb0MavH7VGym,anonymous,RU,0.8999999761581421,1,1,150,220,150,220,500,4,1,3,2,150,220,150,220,1,1,3,2,150,220,150,300,2,5,4,2,2,1,3,200,4,6,2,4,3,2,30,6,16,143,19,1,2,3,1,4
2022-10-28 04:00:41,2022-10-28 04:26:10,0,100,1528,1,2022-10-28 04:26:10,R_3HThq5lCRnnjikl,anonymous,RU,0.8999999761581421,1,3,0,300,0,500,500,1,5,3,1,220,300,440,500,3,1,2,2,440,440,440,500,1,1,5,3,2,1,1,500,4,6,3,7,3,2,31,4,15,88,19,1,1,2,4,3
2022-10-28 06:10:46,2022-10-28 06:24:10,0,100,804,1,2022-10-28 06:24:11,R_3PzXW6BXqr1m5B8,anonymous,RU,1,1,1,0,200,0,440,200,1,5,4,2,220,220,220,440,1,1,3,2,440,440,440,440,2,3,2,2,3,2,1,200,4,6,2,6,4,2,43,3,18,143,19,1,1,4,3,2
2022-10-28 06:48:54,2022-10-28 07:04:25,0,100,931,1,2022-10-28 07:04:27,R_1pDqy6CEKODaLMs,anonymous,RU,0.4000000059604645,1,3,0,220,0,440,150,2,4,2,1,220,220,440,440,3,2,2,2,220,220,440,440,2,5,1,4,3,2,2,150,4,6,3,7,5,2,38,5,16,143,19,1,3,4,2,1
2022-10-28 07:00:16,2022-10-28 07:17:27,0,100,1030,1,2022-10-28 07:17:27,R_1zXiyoTDZqWALjH,anonymous,RU,0.8999999761581421,1,3,0,220,0,440,500,1,4,5,2,220,220,220,220,3,1,1,2,300,440,440,440,2,3,2,5,2,1,1,100,4,6,3,7,4,3,43,6,15,143,19,1,3,4,2,1
2022-10-28 07:34:30,2022-10-28 07:45:29,0,100,658,1,2022-10-28 07:45:29,R_abJcSrZrVssAHoB,anonymous,RU,1,1,2,0,220,0,440,500,1,5,5,2,220,220,440,440,1,1,2,1,220,220,440,440,2,5,1,5,2,2,2,500,4,6,3,7,5,2,32,5,15,143,19,1,4,2,3,1
2022-10-28 07:39:20,2022-10-28 08:01:46,0,100,1345,1,2022-10-28 08:01:46,R_1IcKZdVHuegPIUq,anonymous,RU,1,1,3,0,220,0,220,500,5,4,5,2,0,0,0,0,3,1,2,3,0,440,0,440,2,5,4,5,3,1,1,100,4,6,2,6,3,4,37,7,16,143,19,1,3,4,1,2
2022-10-28 08:33:40,2022-10-28 08:44:44,0,100,664,1,2022-10-28 08:44:45,R_1hzeFhqW8h6c8M7,anonymous,RU,0.8999999761581421,1,1,0,0,0,0,300,1,5,5,2,0,220,440,440,1,1,3,2,220,440,440,440,2,3,4,3,2,2,3,100,4,6,2,7,5,2,64,2,18,143,19,1,1,3,4,2
2022-10-28 08:40:59,2022-10-28 08:48:43,0,100,464,1,2022-10-28 08:48:43,R_1Hq1SuGKC0hIfMe,anonymous,RU,0.8999999761581421,1,2,0,220,0,440,600,1,5,3,2,0,220,0,440,2,1,1,2,0,220,0,440,2,1,3,1,2,1,1,600,4,6,3,7,1,2,43,5,14,143,19,1,1,3,2,4
2022-10-28 09:16:10,2022-10-28 09:29:44,0,100,814,1,2022-10-28 09:29:44,R_2WAnraeuohwbTw7,anonymous,EN,0.699999988079071,1,3,0,220,0,440,100,1,5,5,2,0,220,0,440,3,1,2,3,0,440,0,440,2,4,1,4,2,2,2,100,4,6,3,4,5,2,38,5,15,143,19,1,4,2,3,1
2022-10-28 10:16:36,2022-10-28 10:37:14,0,100,1237,1,2022-10-28 10:37:14,R_2TWUNhCCMScTyuv,anonymous,RU,0.8999999761581421,1,3,0,250,0,450,400,1,5,5,2,0,250,0,450,3,2,2,2,0,450,0,450,2,1,5,5,3,2,2,100,4,6,3,7,4,2,42,5,6,143,19,1,1,4,2,3
2022-10-28 09:50:19,2022-10-28 10:48:31,0,100,3492,1,2022-10-28 10:48:31,R_eExiR1iv3MC22Zz,anonymous,RU,1,1,1,0,0,0,0,300,1,5,5,2,220,220,220,220,1,1,3,1,440,440,440,440,2,4,2,3,2,1,3,100,4,6,3,7,4,2,30,3,17,143,19,1,1,3,2,4
2022-10-28 10:44:32,2022-10-28 11:08:20,0,100,1427,1,2022-10-28 11:08:20,R_29bTDochmMSdXRT,anonymous,RU,1,1,1,220,220,220,440,300,1,5,5,2,220,220,220,440,3,1,3,2,220,220,220,440,2,5,4,1,2,1,3,300,4,6,2,7,3,2,36,5,17,143,19,1,1,2,4,3
2022-10-28 11:54:14,2022-10-28 12:06:53,0,100,758,1,2022-10-28 12:06:53,R_6YzXAL56ZkWqC1r,anonymous,RU,0.8999999761581421,1,1,0,0,0,0,500,1,5,5,1,200,220,400,440,3,1,3,2,220,440,440,440,1,3,4,2,2,1,3,100,4,6,2,7,5,2,34,6,15,143,19,1,1,3,2,4
2022-10-28 12:30:16,2022-10-28 12:44:41,0,100,865,1,2022-10-28 12:44:41,R_3mb24KaQgFZdORj,anonymous,RU,0.8999999761581421,1,1,110,300,220,500,500,4,3,5,1,220,300,440,500,1,1,2,1,440,440,440,500,2,5,5,2,2,2,2,300,7,7,3,7,4,2,33,7,15,143,19,1,3,2,4,1
2022-10-28 08:19:42,2022-10-28 12:57:53,0,100,16690,1,2022-10-28 12:57:53,R_2TC8w04VW2BXfW6,anonymous,RU,0.8999999761581421,1,1,0,220,0,440,500,4,2,2,1,0,220,0,440,1,1,2,2,0,440,0,440,1,4,2,1,2,2,1,250,4,6,1,6,3,1,47,5,15,143,19,1,1,3,4,2
2022-10-28 12:54:48,2022-10-28 13:06:02,0,100,674,1,2022-10-28 13:06:03,R_1gIr3iUyCNWpE6W,anonymous,RU,1,1,3,0,220,0,440,350,1,5,3,2,220,220,440,440,1,2,2,1,220,220,440,440,2,5,1,5,2,2,2,100,4,7,3,6,5,2,22,3,14,143,19,1,2,4,1,3
2022-10-28 13:27:27,2022-10-28 13:37:10,0,100,583,1,2022-10-28 13:37:10,R_3Eu4d3j5oMYt1Wl,anonymous,RU,1,1,1,110,220,220,440,550,3,3,2,2,220,300,440,500,1,1,3,2,220,350,440,500,2,3,3,1,2,1,1,100,4,6,3,4,4,2,27,6,17,143,19,1,2,3,1,4
2022-10-28 14:47:27,2022-10-28 14:59:03,0,100,696,1,2022-10-28 14:59:03,R_2urN37UZuRNiTrT,anonymous,RU,1,1,3,0,200,0,300,300,1,5,5,2,200,220,200,300,1,2,3,2,200,220,300,400,2,5,1,5,2,2,3,300,4,6,2,6,3,2,38,6,16,88,19,1,3,4,2,1
2022-10-28 14:47:58,2022-10-28 15:04:14,0,100,975,1,2022-10-28 15:04:14,R_3nlt8FsFTE3BvGy,anonymous,RU,0.8999999761581421,1,3,0,220,0,440,300,2,5,1,1,100,220,100,440,1,2,3,2,200,300,200,500,1,4,2,1,2,2,3,100,4,6,3,6,4,2,27,5,17,143,19,1,3,4,2,1
2022-10-28 14:50:57,2022-10-28 15:09:19,0,100,1102,1,2022-10-28 15:09:21,R_1F8r4B5G1Do9FG5,anonymous,RU,0.8999999761581421,1,1,0,220,0,440,150,2,4,3,2,220,220,440,440,1,1,2,2,220,220,440,440,2,4,1,3,2,2,2,150,4,6,2,4,5,2,33,6,14,143,19,1,3,4,2,1
2022-10-28 15:10:13,2022-10-28 15:20:38,0,100,625,1,2022-10-28 15:20:40,R_VP6RQFpXnyosGWJ,anonymous,RU,1,1,3,0,100,0,200,400,2,4,5,2,0,220,0,440,1,2,3,2,0,440,0,440,2,5,5,2,3,2,2,100,7,6,2,7,3,2,27,3,16,143,19,1,4,1,2,3
2022-10-28 15:26:17,2022-10-28 15:40:15,0,100,837,1,2022-10-28 15:40:16,R_29goWXiT1Nxnt9d,anonymous,RU,0.8999999761581421,1,1,0,220,0,220,300,1,5,5,1,200,220,220,440,1,2,2,1,440,440,440,440,1,3,4,5,2,2,3,80,4,6,3,7,5,2,26,2,15,143,19,1,3,2,4,1
2022-10-21 15:50:14,2022-10-21 16:20:27,0,97,1813,0,2022-10-28 16:52:36,R_CeRmVOy3uoTMXYt,anonymous,RU,0.8999999761581421,1,1,220,440,440,880,50,1,5,1,2,220,440,440,880,1,2,1,2,440,880,440,880,2,1,5,1,2,2,1,50,4,6,1,4,5,1,74,3,19,143,19,,1,3,4,2
2022-10-21 17:02:34,2022-10-21 17:12:01,0,19,567,0,2022-10-28 17:12:07,R_22Qax3vi82qmvqq,anonymous,RU,0.8999999761581421,1,,,,,,,,,,,,,,,,,,3,440,440,440,440,2,,,,,,,,,,,,,,,,,,,,4,3,1,2
2022-10-28 17:14:01,2022-10-28 17:14:12,0,100,11,1,2022-10-28 17:14:13,R_2xzWbHBT5RqlUCE,anonymous,RU,0.8999999761581421,2,,,,,,,,,,,,,,,,,,,,,,,,,,,,,,,,,,,,,,,,,,,,,,
2022-10-28 17:14:16,2022-10-28 19:24:27,0,100,7811,1,2022-10-28 19:24:29,R_32RSvjQam8IeHNQ,anonymous,RU,0.8999999761581421,1,1,50,220,50,440,100,2,4,2,2,220,220,220,440,1,1,3,2,440,440,440,440,2,4,2,2,2,1,3,100,4,6,2,7,4,1,26,5,17,8,19,1,1,4,3,2
2022-10-28 21:29:44,2022-10-28 21:44:01,0,100,857,1,2022-10-28 21:44:02,R_2fs6UfqJkKA2YpA,anonymous,RU,0.8999999761581421,1,1,0,300,0,500,300,4,4,3,2,220,300,220,500,3,1,2,2,440,440,440,500,2,3,4,3,2,1,1,300,4,6,2,7,1,2,37,6,16,179,19,1,2,4,3,1
2022-10-28 22:50:54,2022-10-28 23:18:35,0,100,1660,1,2022-10-28 23:18:35,R_3fHPoxbgmh0kP5D,anonymous,RU,0.8999999761581421,1,1,0,150,0,500,200,2,3,2,1,100,250,220,500,1,2,2,2,400,500,200,500,2,3,2,3,2,2,3,100,4,6,3,7,5,2,32,1,15,143,19,1,3,2,4,1
2022-10-28 23:20:48,2022-10-28 23:31:26,0,100,638,1,2022-10-28 23:31:28,R_3kdpmSGb6ygUK4E,anonymous,RU,0.699999988079071,1,3,220,220,440,440,300,1,5,2,1,200,300,300,440,1,1,3,1,300,450,400,450,1,2,5,1,2,2,3,200,4,6,2,7,4,2,19,1,13,143,19,1,2,1,3,4
2022-10-28 22:33:35,2022-10-28 23:52:38,0,100,4742,1,2022-10-28 23:52:38,R_a3md9cT8yORKaC5,anonymous,RU,1,1,1,0,220,0,440,150,1,4,3,1,220,235,220,300,1,1,3,2,440,440,440,440,2,4,4,2,2,1,3,150,4,6,2,7,4,4,22,3,16,143,19,1,3,2,4,1
2022-10-27 20:17:01,2022-10-29 08:09:54,0,100,129172,1,2022-10-29 08:09:55,R_1ghfdfwfZdfrof1,anonymous,RU,1,1,1,0,440,0,800,200,1,5,5,2,220,440,440,880,1,1,2,2,440,440,440,880,2,5,2,4,2,1,2,150,4,6,2,7,4,2,32,6,15,143,19,1,4,2,3,1
2022-10-29 08:41:22,2022-10-29 09:02:56,0,100,1294,1,2022-10-29 09:02:57,R_5pYoQI7SqriC25P,anonymous,RU,0.8999999761581421,1,3,0,0,0,0,400,5,1,5,2,0,220,0,440,1,1,3,1,0,440,0,440,2,5,5,5,2,1,3,300,4,7,3,7,5,2,33,6,15,64,19,1,2,4,1,3
2022-10-29 16:28:03,2022-10-29 16:48:09,0,100,1205,1,2022-10-29 16:48:10,R_1r9tOHMXWyALIp6,anonymous,RU,0.8999999761581421,1,3,0,220,0,440,250,2,4,4,2,220,220,220,220,1,1,3,3,220,440,440,440,2,4,3,1,2,2,3,100,4,6,3,7,5,2,38,4,20,143,19,1,3,4,2,1
2022-10-29 22:39:52,2022-10-29 23:07:53,0,100,1681,1,2022-10-29 23:07:55,R_22DZNBki0sr1Yky,anonymous,RU,0.8999999761581421,1,3,0,0,0,0,300,1,5,5,1,0,220,0,220,1,2,2,1,0,440,0,440,2,5,1,5,2,2,3,100,7,6,3,7,5,2,29,5,16,143,19,1,2,1,3,4
2022-10-29 23:48:32,2022-10-30 00:16:30,0,100,1677,1,2022-10-30 00:16:30,R_1mPIl8hd0PUbDDn,anonymous,RU,1,1,1,220,300,220,550,300,2,4,5,1,220,300,220,550,1,1,3,3,440,550,440,650,1,2,4,3,2,1,3,300,4,6,2,7,5,1,37,6,16,65,19,1,2,1,4,3
2022-10-30 13:15:17,2022-10-30 13:35:56,0,100,1238,1,2022-10-30 13:35:57,R_1K2VstAbjRuf11H,anonymous,RU,1,1,1,0,0,0,0,350,1,5,5,2,220,220,440,440,2,1,3,2,220,440,440,440,1,1,4,4,1,2,3,100,6,6,3,6,3,2,41,4,18,143,19,1,3,4,1,2
2022-10-31 09:29:16,2022-10-31 09:39:07,0,100,590,1,2022-10-31 09:39:07,R_eYgBd9Emltt3UOJ,anonymous,RU,0.800000011920929,1,3,0,220,0,440,800,1,5,5,2,0,220,0,440,3,1,2,2,220,440,440,440,2,1,4,5,2,1,1,200,4,6,2,4,2,2,29,4,17,143,19,1,2,4,1,3
2022-10-31 19:54:32,2022-10-31 20:13:00,0,100,1108,1,2022-10-31 20:13:02,R_1H7ty85dNWHlioU,anonymous,RU,0.8999999761581421,1,3,0,0,0,0,500,2,5,5,2,0,220,0,440,1,2,1,2,0,440,0,440,2,4,2,4,2,2,1,200,4,6,3,4,4,2,34,5,16,143,19,1,1,4,3,2
2022-10-30 07:42:23,2022-10-31 20:34:16,0,100,132712,1,2022-10-31 20:34:16,R_2E0sycGTmv0xr75,anonymous,RU,0.699999988079071,1,1,0,220,0,440,200,1,5,5,2,220,220,440,440,1,1,2,2,440,440,440,440,2,4,3,2,2,2,2,100,4,6,2,7,5,2,35,7,15,143,19,1,3,4,1,2
2022-10-31 21:40:11,2022-10-31 22:07:46,0,100,1655,1,2022-10-31 22:07:47,R_vqo7eC4WU5JPRFD,anonymous,RU,1,1,1,0,220,0,220,300,1,5,4,2,0,220,0,220,1,1,2,2,0,440,0,440,2,3,3,2,2,1,2,200,4,6,2,7,4,2,28,3,18,143,19,1,3,1,4,2
2022-10-26 20:25:23,2022-10-26 20:31:32,0,42,368,0,2022-11-02 14:44:17,R_3EtnnRxgakVweIT,anonymous,RU,1,1,1,0,220,0,440,,,,,,,,,,,,,1,440,440,440,440,1,2,4,2,2,2,2,200,,,,,,,,,,,,,3,4,2,1
2022-10-28 00:59:50,2022-10-28 01:06:09,0,19,378,0,2022-11-02 14:44:18,R_2dm3wq44Xn6rHzF,anonymous,RU,0.8999999761581421,1,1,0,0,0,0,1000,,,,,,,,,,,,,,,,,,,,,,,,,,,,,,,,,,,,,1,3,2,4
2022-10-26 20:15:18,2022-10-26 20:16:13,0,8,54,0,2022-11-02 14:44:19,R_3MaHZMANqjhekgT,anonymous,RU,0.8999999761581421,1,,,,,,,,,,,,,,,,,,,,,,,,,,,,,,,,,,,,,,,,,,,4,1,3,2
2022-10-27 00:40:48,2022-10-27 00:41:16,8,8,27,0,2022-11-02 14:44:20,R_2qdtqsWbSNaxPqU,anonymous,RU,0.8999999761581421,1,,,,,,,,,,,,,,,,,,,,,,,,,,,,,,,,,,,,,,,,,,,4,1,2,3
2022-10-26 20:19:03,2022-10-26 20:19:35,8,3,32,0,2022-11-02 14:44:22,R_1lAiTNLZhArftKY,anonymous,RU,,1,,,,,,,,,,,,,,,,,,,,,,,,,,,,,,,,,,,,,,,,,,,,,,
2022-10-27 19:40:34,2022-10-27 19:42:22,0,14,107,0,2022-11-02 14:44:24,R_1opCIf4sdt9aBBs,anonymous,RU,0.8999999761581421,1,,,,,,,,,,,200,220,400,440,,,,,,,,,,,,,,,,,,,,,,,,,,,,,2,1,4,3
2022-10-26 20:21:34,2022-10-26 20:22:35,8,8,60,0,2022-11-02 14:44:25,R_O7OOZb2J6BnTj0t,anonymous,RU,1,1,,,,,,,,,,,,,,,,,,,,,,,,,,,,,,,,,,,,,,,,,,,2,1,3,4
2022-10-27 21:28:57,2022-10-27 21:37:54,0,44,537,0,2022-11-02 14:44:27,R_28SdHwSUaYZL0ZK,anonymous,RU,0.8999999761581421,1,1,0,220,0,440,200,1,3,2,1,,,,,,,,2,220,440,440,440,2,4,2,5,2,2,,,,,,,,,,,,,,,1,4,2,3
2022-10-26 20:38:09,2022-10-26 20:49:56,0,50,707,0,2022-11-02 14:44:35,R_32LMfxlcYzC0pmg,anonymous,RU,0.8999999761581421,1,1,220,220,440,440,100,5,5,5,,220,440,440,440,1,2,2,1,220,440,440,440,2,1,5,5,,,,,,,,,,,,,,,,,3,2,1,4
2022-10-26 20:54:11,2022-10-26 21:28:08,0,36,2037,0,2022-11-02 14:44:37,R_3JyO1QxkuheL2Di,anonymous,RU,1,1,3,,,,,,,,,,,,,,,,,3,220,220,440,440,2,5,1,2,3,1,1,100,,,,,,,,,,,,,3,4,2,1
2022-10-28 07:01:38,2022-10-28 07:03:52,0,19,134,0,2022-11-02 14:44:38,R_3huvK5SUddpg718,anonymous,RU,1,1,,,,,,,,,,,,,,,,,,3,220,440,440,440,1,,,,,,,,,,,,,,,,,,,,3,2,1,4
2022-10-28 08:01:04,2022-10-28 16:14:02,0,39,29578,0,2022-11-02 14:44:42,R_2DNbMPuyQOxCiww,anonymous,RU,0.8999999761581421,1,,,,,,,,,,,220,220,440,440,1,1,2,3,440,440,440,440,1,5,1,5,3,,,,,,,,,,,,,,,,4,1,2,3
2022-10-26 21:14:14,2022-10-26 21:15:25,0,11,70,0,2022-11-02 14:44:43,R_2ckdwRJWHJlhoIi,anonymous,RU,0.8999999761581421,1,,,,,,,,,,,,,,,,,,1,,,,,,,,,,,,,,,,,,,,,,,,,4,3,1,2
2022-10-28 14:13:46,2022-10-28 14:19:11,0,17,325,0,2022-11-02 14:44:44,R_3PpBAk156aSF1EH,anonymous,RU,0.8999999761581421,1,1,0,220,0,440,,,,,,,,,,,,,,,,,,,,,,,,,,,,,,,,,,,,,,1,4,2,3
2022-10-26 21:34:45,2022-10-26 21:46:31,0,50,705,0,2022-11-02 14:44:51,R_XHEwALiHhrAxs1X,anonymous,RU,0.8999999761581421,1,3,,,,,,,,,,220,220,220,440,3,1,3,2,440,440,440,440,1,3,3,3,2,1,3,200,,,,,,,,,,,,,4,2,1,3
2022-10-28 14:27:56,2022-10-28 14:37:02,0,50,545,0,2022-11-02 14:44:54,R_vJjM5rHKc1wiAvv,anonymous,RU,0.8999999761581421,1,3,150,200,200,350,350,2,4,3,2,200,250,300,400,1,1,,2,200,220,400,440,2,3,2,3,,,,,,,,,,,,,,,,,2,3,1,4
2022-10-27 19:38:17,2022-10-27 19:38:52,8,8,34,0,2022-11-02 14:44:57,R_2S04ivArFrx4VyK,anonymous,RU,0.8999999761581421,1,,,,,,,,,,,,,,,,,,,,,,,,,,,,,,,,,,,,,,,,,,,2,1,4,3
2022-10-28 14:02:22,2022-10-28 15:35:22,8,8,5580,0,2022-11-02 14:44:59,R_4PdhA6UeiDhRWY9,anonymous,RU,0.8999999761581421,1,,,,,,,,,,,,,,,,,,,,,,,,,,,,,,,,,,,,,,,,,,,4,1,3,2
2022-10-30 18:12:47,2022-10-30 18:22:22,0,44,575,0,2022-11-02 14:45:02,R_1eM14zVnIa0umEK,anonymous,RU,0.8999999761581421,1,1,0,0,0,0,300,,,,,,,,,,,,3,0,220,0,440,1,5,5,5,2,1,1,100,,,,,,,,,,,,,3,4,1,2
2022-10-27 22:15:33,2022-10-27 22:31:10,0,81,936,0,2022-11-02 14:45:05,R_1DZoCCHLgLN6FPF,anonymous,RU,0.8999999761581421,1,1,0,0,0,0,500,1,5,5,1,200,220,400,440,1,2,3,3,200,220,400,440,2,3,4,2,2,2,3,100,4,6,3,7,1,,,,,,,,2,1,4,3
2022-10-28 08:42:41,2022-10-28 15:21:32,8,8,23931,0,2022-11-02 14:45:19,R_2Pp51naDRRnuuzB,anonymous,RU,0.8999999761581421,1,,,,,,,,,,,,,,,,,,,,,,,,,,,,,,,,,,,,,,,,,,,3,1,4,2
2022-10-28 12:13:59,2022-10-28 12:27:32,0,58,812,0,2022-11-02 14:45:26,R_2wnSKGnS2NWCOJV,anonymous,RU,1,1,1,0,220,0,440,400,1,5,5,1,220,220,220,440,1,1,3,2,440,440,440,440,1,5,1,5,2,1,,,,,,,,,,,,,,,1,3,2,4
2022-10-28 16:19:46,2022-10-28 16:31:27,0,33,700,0,2022-11-02 14:45:37,R_6szjfLKfqtzulax,anonymous,RU,1,1,,,,,,,,,,,220,220,440,440,3,1,,1,220,660,440,660,2,2,3,1,,,,,,,,,,,,,,,,,3,2,1,4
2022-10-29 23:35:15,2022-10-29 23:39:36,0,25,261,0,2022-11-02 14:45:46,R_b2fSfT9fDJB42zL,anonymous,RU,0.800000011920929,1,1,,,,,,,,,,,,,,,,,2,220,440,440,440,2,3,3,2,,,,,,,,,,,,,,,,,2,3,1,4
2022-10-30 00:16:28,2022-10-30 00:17:26,0,11,58,0,2022-11-02 14:45:53,R_3eh5XpSj4JNhYwY,anonymous,RU,0.4000000059604645,1,1,,,,,,,,,,,,,,,,,,,,,,,,,,,,,,,,,,,,,,,,,,1,3,4,2
